Date,Value Dow,Value Nasdaq,Value S&P 500
1977-09-02,872.31,100.83,97.45
1977-09-09,857.04,100.91,96.37
1977-09-16,856.81,100.74,96.48
1977-09-23,839.14,99.57,95.04
1977-09-30,847.11,100.85,96.53
1977-10-07,840.35,101.62,95.97
1977-10-14,821.64,99.05,93.56
1977-10-21,808.3,98.54,92.32
1977-10-28,822.68,97.49,92.61
1977-11-04,809.94,97.21,91.58
1977-11-11,845.89,100.94,95.98
1977-11-18,835.76,102.22,95.33
1977-11-25,844.42,104.33,96.69
1977-12-02,823.98,104.1,94.67
1977-12-09,815.23,103.57,93.65
1977-12-16,815.32,104.05,93.4
1977-12-23,829.87,103.94,94.69
1977-12-30,831.17,105.05,95.1
1978-01-06,793.49,101.66,91.62
1978-01-13,775.73,99.77,89.69
1978-01-20,776.94,100.63,89.89
1978-01-27,764.12,100.62,88.58
1978-02-03,770.96,102.22,89.62
1978-02-10,775.99,103.58,90.08
1978-02-17,752.69,102.25,87.96
1978-02-24,756.24,102.7,88.49
1978-03-03,747.31,101.95,87.45
1978-03-10,758.58,103.42,88.88
1978-03-17,768.71,104.94,90.2
1978-03-23,756.5,105.39,89.36
1978-03-31,757.36,106.2,89.21
1978-04-07,769.58,108.23,90.17
1978-04-14,795.13,111.29,92.92
1978-04-21,812.8,113.32,94.34
1978-04-28,837.32,115.18,96.83
1978-05-05,829.09,117.27,96.53
1978-05-12,840.7,119.4,98.07
1978-05-19,846.85,121.57,98.12
1978-05-26,831.69,119.86,96.58
1978-06-02,847.54,121.03,98.14
1978-06-09,859.23,124.41,99.93
1978-06-16,836.97,123.69,97.42
1978-06-23,823.02,120.74,95.85
1978-06-30,818.95,120.3,95.53
1978-07-07,812.46,119.16,94.89
1978-07-14,839.83,121.58,97.58
1978-07-21,833.42,123.6,97.75
1978-07-28,856.29,125.62,100.0
1978-08-04,888.43,129.71,103.92
1978-08-11,890.85,132.0,103.96
1978-08-18,896.83,134.71,104.73
1978-08-25,895.53,135.84,104.9
1978-09-01,879.33,135.35,103.68
1978-09-08,907.74,138.36,106.79
1978-09-15,878.55,137.36,104.12
1978-09-22,862.44,132.3,101.84
1978-09-29,865.82,132.89,102.54
1978-10-06,880.02,134.0,103.52
1978-10-13,897.09,135.58,104.66
1978-10-20,838.01,123.82,97.95
1978-10-27,806.05,115.25,94.59
1978-11-03,823.11,115.49,96.18
1978-11-10,807.09,114.84,94.77
1978-11-17,797.73,113.69,94.42
1978-11-24,810.12,116.17,95.79
1978-12-01,811.5,116.19,96.28
1978-12-08,811.85,118.77,96.63
1978-12-15,805.35,117.41,95.33
1978-12-22,808.47,116.93,96.31
1978-12-29,805.01,117.98,96.11
1979-01-05,830.73,122.05,99.13
1979-01-12,836.28,123.74,99.93
1979-01-19,837.49,124.65,99.75
1979-01-26,859.75,127.04,101.86
1979-02-02,834.63,125.82,99.5
1979-02-09,822.23,123.76,97.87
1979-02-16,827.01,125.57,98.67
1979-02-23,823.28,125.04,97.78
1979-03-02,815.75,123.67,96.97
1979-03-09,842.86,127.25,99.54
1979-03-16,852.82,128.55,100.69
1979-03-23,859.75,130.58,101.6
1979-03-30,862.18,131.76,101.59
1979-04-06,875.69,133.75,103.18
1979-04-12,870.5,133.54,102.0
1979-04-20,856.98,133.67,101.23
1979-04-27,856.64,134.37,101.8
1979-05-04,847.54,133.72,100.69
1979-05-11,830.56,129.69,98.52
1979-05-18,841.91,131.01,99.93
1979-05-25,836.28,132.68,100.22
1979-06-01,821.21,131.76,99.17
1979-06-08,835.15,134.96,101.49
1979-06-15,843.3,136.25,102.09
1979-06-22,849.1,137.24,102.64
1979-06-29,841.98,138.13,102.91
1979-07-06,846.16,138.64,103.62
1979-07-13,833.53,138.52,102.32
1979-07-20,828.07,137.98,101.82
1979-07-27,839.76,140.02,103.1
1979-08-03,846.16,142.63,104.04
1979-08-10,867.06,145.07,106.4
1979-08-17,883.36,147.84,108.3
1979-08-24,880.2,149.4,108.6
1979-08-31,887.63,150.44,109.32
1979-09-07,874.15,148.07,107.66
1979-09-14,879.1,150.56,108.76
1979-09-21,893.94,150.65,110.47
1979-09-28,878.58,149.98,109.32
1979-10-05,897.61,152.29,111.27
1979-10-12,838.99,140.71,104.49
1979-10-19,814.68,136.59,101.6
1979-10-26,809.3,133.75,100.57
1979-11-02,818.94,136.88,102.51
1979-11-09,806.48,135.86,101.51
1979-11-16,815.7,139.07,103.79
1979-11-23,811.77,139.85,104.67
1979-11-30,822.35,144.26,106.16
1979-12-07,833.19,147.49,107.52
1979-12-14,842.75,150.03,108.92
1979-12-21,838.91,150.17,107.59
1979-12-28,838.91,150.83,107.84
1980-01-04,828.84,148.02,106.52
1980-01-11,858.53,153.87,109.92
1980-01-18,867.15,156.14,111.07
1980-01-25,876.11,159.7,113.61
1980-02-01,881.48,162.3,115.12
1980-02-08,895.73,165.25,117.95
1980-02-15,884.98,162.56,115.41
1980-02-22,868.77,160.08,115.04
1980-02-29,863.14,158.03,113.66
1980-03-07,820.56,146.19,106.9
1980-03-14,811.69,144.44,105.43
1980-03-21,785.15,138.8,102.31
1980-03-28,777.65,129.25,100.68
1980-04-03,784.13,136.01,102.15
1980-04-11,791.55,137.75,103.79
1980-04-18,763.4,134.66,100.55
1980-04-25,803.58,137.92,105.16
1980-05-02,810.92,140.25,105.58
1980-05-09,805.8,143.06,104.72
1980-05-16,826.88,147.24,107.35
1980-05-23,854.1,149.48,110.62
1980-05-30,850.85,150.45,111.24
1980-06-06,861.52,152.68,113.2
1980-06-13,876.37,156.59,115.81
1980-06-20,869.71,156.51,114.06
1980-06-27,881.83,159.18,116.0
1980-07-03,888.91,160.87,117.46
1980-07-11,891.13,164.82,117.84
1980-07-18,923.98,169.99,122.04
1980-07-25,918.09,169.63,120.78
1980-08-01,931.48,172.49,121.21
1980-08-08,954.69,175.88,123.61
1980-08-15,966.72,179.89,125.72
1980-08-22,958.19,181.7,126.02
1980-08-29,932.59,181.52,122.38
1980-09-05,940.96,185.61,124.88
1980-09-12,936.52,189.58,125.54
1980-09-19,963.74,195.33,129.25
1980-09-26,940.1,190.77,126.35
1980-10-03,950.68,193.43,129.33
1980-10-10,950.68,197.79,130.29
1980-10-17,956.14,197.24,131.52
1980-10-24,943.6,196.17,129.85
1980-10-31,924.49,192.78,127.47
1980-11-07,932.42,193.51,129.18
1980-11-14,986.35,201.76,137.15
1980-11-21,989.93,206.07,139.11
1980-11-28,993.34,208.15,140.52
1980-12-05,956.23,203.02,134.03
1980-12-12,917.15,191.22,129.23
1980-12-19,937.2,197.91,133.7
1980-12-26,966.38,201.28,136.57
1981-01-02,972.78,203.55,136.34
1981-01-09,968.69,197.66,133.48
1981-01-16,973.29,201.13,134.77
1981-01-23,940.19,197.52,130.23
1981-01-30,947.27,197.81,129.55
1981-02-06,952.3,197.87,130.6
1981-02-13,931.57,193.89,126.98
1981-02-20,936.09,192.29,126.58
1981-02-27,974.58,198.01,131.27
1981-03-06,964.62,199.89,129.85
1981-03-13,985.77,202.17,133.11
1981-03-20,992.8,206.29,134.08
1981-03-27,994.78,208.82,134.65
1981-04-03,1007.11,212.65,135.49
1981-04-10,1000.27,215.15,134.51
1981-04-16,1005.58,216.64,134.7
1981-04-24,1020.35,219.56,135.14
1981-05-01,995.59,216.68,132.72
1981-05-08,976.4,214.84,131.66
1981-05-15,985.95,216.51,132.17
1981-05-22,971.72,219.23,131.33
1981-05-29,991.75,223.47,132.59
1981-06-05,993.79,221.3,132.22
1981-06-12,1006.28,222.76,133.49
1981-06-19,996.19,219.56,132.27
1981-06-26,992.87,219.76,132.56
1981-07-02,959.19,212.8,128.64
1981-07-10,955.67,210.54,129.37
1981-07-17,958.9,212.76,130.76
1981-07-24,936.74,208.0,128.46
1981-07-31,952.34,211.63,130.92
1981-08-07,942.54,211.36,131.75
1981-08-14,936.93,212.12,132.49
1981-08-21,920.57,206.76,129.23
1981-08-28,892.22,197.55,124.08
1981-09-04,861.68,189.63,120.07
1981-09-11,872.81,189.81,121.61
1981-09-18,836.19,184.27,116.26
1981-09-25,824.01,175.12,112.77
1981-10-02,860.73,184.37,119.36
1981-10-09,873.0,191.27,121.45
1981-10-16,851.69,190.24,119.19
1981-10-23,837.99,191.91,118.6
1981-10-30,852.55,195.24,121.89
1981-11-06,852.45,199.97,122.67
1981-11-13,855.88,200.16,121.67
1981-11-20,852.93,198.6,121.71
1981-11-27,885.94,201.02,125.09
1981-12-04,892.69,200.88,126.26
1981-12-11,886.51,198.64,124.93
1981-12-18,875.76,197.01,124.0
1981-12-24,873.38,195.7,122.54
1981-12-31,875.0,195.84,122.55
1982-01-08,866.53,192.05,119.55
1982-01-15,847.6,187.32,116.33
1982-01-22,845.03,185.83,115.38
1982-01-29,871.1,188.39,120.4
1982-02-05,851.03,188.21,117.26
1982-02-12,833.81,182.52,114.38
1982-02-19,824.3,180.65,113.22
1982-02-26,824.39,179.43,113.11
1982-03-05,807.36,173.97,109.34
1982-03-12,797.37,168.23,108.61
1982-03-19,805.65,171.76,110.61
1982-03-26,817.92,175.2,111.94
1982-04-02,838.57,178.56,115.12
1982-04-08,842.94,181.15,116.22
1982-04-16,843.42,182.25,116.81
1982-04-23,862.16,184.93,118.64
1982-04-30,848.36,184.7,116.44
1982-05-07,869.2,188.13,119.47
1982-05-14,857.78,188.22,118.01
1982-05-21,835.9,182.4,114.89
1982-05-28,819.54,178.54,111.88
1982-06-04,804.98,174.82,110.09
1982-06-11,809.74,173.55,111.24
1982-06-18,788.62,168.5,107.28
1982-06-25,803.08,170.48,109.14
1982-07-02,796.99,170.05,107.65
1982-07-09,814.12,168.07,108.83
1982-07-16,828.67,170.18,111.07
1982-07-23,830.57,172.11,111.17
1982-07-30,808.6,167.35,107.09
1982-08-06,784.34,163.59,103.71
1982-08-13,788.05,159.14,103.85
1982-08-20,869.29,166.96,113.02
1982-08-27,883.47,177.6,117.11
1982-09-03,925.13,182.05,122.68
1982-09-10,906.82,182.47,120.97
1982-09-17,916.94,186.61,122.55
1982-09-24,919.52,188.61,123.32
1982-10-01,907.74,188.7,121.97
1982-10-08,986.85,198.89,131.05
1982-10-15,993.1,204.46,133.57
1982-10-22,1031.46,215.29,138.83
1982-10-29,991.72,212.63,133.72
1982-11-05,1051.78,227.03,142.16
1982-11-12,1039.92,232.61,139.53
1982-11-19,1021.25,229.41,137.02
1982-11-26,1007.36,228.64,134.88
1982-12-03,1031.36,237.16,138.69
1982-12-10,1018.76,233.85,139.57
1982-12-17,1011.5,228.93,137.49
1982-12-23,1045.07,232.33,139.72
1982-12-31,1046.54,232.41,140.64
1983-01-07,1076.07,238.6,145.18
1983-01-14,1080.85,245.63,146.65
1983-01-21,1052.98,243.97,143.85
1983-01-28,1064.75,246.93,144.51
1983-02-04,1077.91,251.65,146.14
1983-02-11,1086.5,256.64,147.65
1983-02-18,1092.82,261.29,148.0
1983-02-25,1120.94,262.44,149.74
1983-03-04,1140.96,265.94,153.67
1983-03-11,1117.74,266.18,151.24
1983-03-18,1117.74,265.01,149.9
1983-03-25,1140.09,270.89,152.67
1983-03-31,1130.03,270.8,152.96
1983-04-08,1124.71,268.1,152.85
1983-04-15,1171.34,281.6,158.75
1983-04-22,1196.3,288.55,160.42
1983-04-29,1226.2,293.06,164.43
1983-05-06,1232.59,301.64,166.1
1983-05-13,1218.75,303.94,164.91
1983-05-20,1190.02,303.56,162.14
1983-05-27,1216.14,312.05,164.46
1983-06-03,1213.04,313.85,164.42
1983-06-10,1196.11,315.24,162.68
1983-06-17,1242.19,326.11,169.13
1983-06-24,1241.69,328.91,170.41
1983-07-01,1225.26,321.58,168.64
1983-07-08,1207.23,319.57,167.08
1983-07-15,1192.31,312.87,164.29
1983-07-22,1231.17,320.71,168.89
1983-07-29,1199.22,303.96,162.56
1983-08-05,1183.29,300.2,161.74
1983-08-12,1182.83,299.58,162.16
1983-08-19,1194.21,299.1,163.98
1983-08-26,1192.07,290.31,162.14
1983-09-02,1215.45,297.85,165.0
1983-09-09,1239.74,302.23,166.92
1983-09-16,1225.71,298.27,166.25
1983-09-23,1255.59,303.61,169.51
1983-09-30,1233.13,296.65,166.07
1983-10-07,1272.15,297.36,170.8
1983-10-14,1263.52,289.65,169.86
1983-10-21,1248.88,279.49,165.95
1983-10-28,1223.48,276.14,163.37
1983-11-04,1218.29,273.17,162.44
1983-11-11,1250.2,277.13,166.29
1983-11-18,1251.02,281.28,165.09
1983-11-25,1277.44,285.49,167.18
1983-12-02,1265.24,283.91,165.44
1983-12-09,1260.06,280.51,165.08
1983-12-16,1242.17,276.01,162.39
1983-12-23,1250.51,276.54,163.22
1983-12-30,1258.64,278.6,164.93
1984-01-06,1286.64,287.9,169.28
1984-01-13,1270.1,286.85,167.02
1984-01-20,1259.11,284.41,166.21
1984-01-27,1230.0,273.18,163.94
1984-02-03,1197.03,264.01,160.91
1984-02-10,1160.7,254.04,156.3
1984-02-17,1148.87,251.33,155.74
1984-02-24,1165.1,251.44,157.51
1984-03-02,1171.48,255.54,159.24
1984-03-09,1139.76,249.01,154.35
1984-03-16,1184.36,253.37,159.27
1984-03-23,1154.84,249.98,156.86
1984-03-30,1164.89,250.78,159.18
1984-04-06,1132.22,243.94,155.48
1984-04-13,1150.13,244.01,157.31
1984-04-19,1158.08,245.35,158.02
1984-04-27,1169.07,246.9,159.89
1984-05-04,1165.31,250.89,159.11
1984-05-11,1157.14,250.57,158.49
1984-05-18,1133.79,244.61,155.78
1984-05-25,1107.1,235.23,151.62
1984-06-01,1124.35,235.9,153.24
1984-06-08,1131.25,240.35,155.17
1984-06-15,1086.9,235.64,149.03
1984-06-22,1131.07,241.11,154.46
1984-06-29,1132.4,239.65,153.18
1984-07-06,1122.57,236.72,152.24
1984-07-13,1109.87,234.67,150.88
1984-07-20,1101.37,229.37,149.55
1984-07-27,1114.62,229.3,151.19
1984-08-03,1202.08,246.24,162.35
1984-08-10,1218.09,252.43,165.42
1984-08-17,1211.9,250.37,164.14
1984-08-24,1236.53,254.78,167.51
1984-08-31,1224.38,254.64,166.68
1984-09-07,1207.38,251.68,164.37
1984-09-14,1237.52,255.6,168.78
1984-09-21,1201.74,252.68,165.67
1984-09-28,1206.71,249.94,166.1
1984-10-05,1182.53,245.46,162.68
1984-10-12,1190.7,246.2,164.18
1984-10-19,1225.93,251.2,167.96
1984-10-26,1204.95,247.4,165.29
1984-11-02,1216.65,248.0,167.42
1984-11-09,1218.97,249.5,167.6
1984-11-16,1187.94,245.1,164.1
1984-11-23,1220.3,245.3,166.92
1984-11-30,1188.94,242.4,163.58
1984-12-07,1163.21,239.3,162.26
1984-12-14,1175.91,239.0,162.69
1984-12-21,1198.98,244.8,165.51
1984-12-28,1204.17,245.9,166.26
1985-01-04,1184.96,246.1,163.68
1985-01-11,1218.09,252.2,167.91
1985-01-18,1227.36,263.1,171.32
1985-01-25,1276.06,274.0,177.35
1985-02-01,1277.72,278.4,178.63
1985-02-08,1289.97,288.4,182.19
1985-02-15,1282.02,287.7,181.6
1985-02-22,1275.84,286.2,179.36
1985-03-01,1299.36,287.2,183.23
1985-03-08,1269.66,282.4,179.1
1985-03-15,1247.35,278.0,176.53
1985-03-22,1267.45,278.9,179.04
1985-03-29,1266.78,279.2,180.66
1985-04-04,1259.05,277.4,179.03
1985-04-12,1265.68,280.6,180.54
1985-04-19,1266.56,282.8,181.11
1985-04-26,1275.18,284.1,182.18
1985-05-03,1247.24,280.3,180.08
1985-05-10,1274.18,287.5,184.28
1985-05-17,1285.34,291.7,187.42
1985-05-24,1301.97,292.1,188.29
1985-05-31,1315.41,290.8,189.55
1985-06-07,1316.42,291.0,189.68
1985-06-14,1300.96,288.0,187.1
1985-06-21,1324.48,288.7,189.61
1985-06-28,1335.46,296.2,191.85
1985-07-05,1334.45,298.6,192.52
1985-07-12,1338.6,302.4,193.29
1985-07-19,1359.54,307.8,195.13
1985-07-26,1357.08,304.6,192.4
1985-08-02,1353.05,304.5,191.48
1985-08-09,1320.79,299.1,188.32
1985-08-16,1312.72,296.5,186.1
1985-08-23,1318.32,296.7,187.17
1985-08-30,1334.01,297.7,188.63
1985-09-06,1335.69,296.2,188.24
1985-09-13,1307.68,287.2,182.91
1985-09-20,1297.94,284.4,182.05
1985-09-26,1320.79,280.2,181.29
1985-10-04,1328.74,280.5,183.22
1985-10-11,1339.94,281.8,184.28
1985-10-18,1368.84,288.4,187.04
1985-10-25,1356.52,289.5,187.52
1985-11-01,1390.25,294.1,191.53
1985-11-08,1404.36,300.0,193.72
1985-11-15,1435.09,306.2,198.11
1985-11-22,1464.33,310.8,201.52
1985-11-29,1472.13,314.0,202.17
1985-12-06,1477.18,316.6,202.99
1985-12-13,1535.21,324.0,209.94
1985-12-20,1543.0,323.1,210.94
1985-12-27,1543.0,322.8,209.61
1986-01-03,1549.2,325.7,210.88
1986-01-10,1513.53,324.4,205.96
1986-01-17,1536.7,330.7,208.43
1986-01-24,1529.93,328.9,206.43
1986-01-31,1570.99,335.8,211.78
1986-02-07,1613.42,342.2,214.56
1986-02-14,1664.45,350.2,219.76
1986-02-21,1697.71,355.65,224.62
1986-02-28,1709.06,359.5,226.92
1986-03-07,1699.83,362.2,225.57
1986-03-14,1792.74,371.8,236.55
1986-03-21,1768.56,372.6,233.34
1986-03-27,1821.72,373.3,238.97
1986-04-04,1739.22,372.2,228.69
1986-04-11,1790.18,378.9,235.97
1986-04-18,1840.4,390.1,242.38
1986-04-25,1835.57,392.3,242.29
1986-05-02,1774.68,383.2,234.79
1986-05-09,1789.43,389.1,237.85
1986-05-16,1759.8,384.7,232.76
1986-05-23,1823.29,391.9,241.35
1986-05-30,1876.71,400.2,247.35
1986-06-06,1885.9,400.3,245.67
1986-06-13,1874.19,399.6,245.73
1986-06-20,1879.54,396.9,247.58
1986-06-27,1885.26,403.6,249.6
1986-07-03,1900.87,411.2,251.79
1986-07-11,1821.43,391.6,242.22
1986-07-18,1777.98,381.1,236.36
1986-07-25,1810.04,379.8,240.22
1986-08-01,1763.64,370.7,234.91
1986-08-08,1782.62,365.8,236.88
1986-08-15,1855.6,380.2,247.15
1986-08-22,1887.8,381.5,250.19
1986-08-29,1898.34,382.9,252.93
1986-09-05,1899.75,378.4,250.47
1986-09-12,1758.72,346.8,230.67
1986-09-19,1762.65,349.4,232.21
1986-09-26,1769.69,351.6,232.23
1986-10-03,1774.18,352.8,233.71
1986-10-10,1793.17,353.5,235.48
1986-10-17,1837.04,355.7,238.84
1986-10-24,1832.36,356.7,238.26
1986-10-31,1877.71,360.8,243.98
1986-11-07,1886.53,361.0,245.77
1986-11-14,1873.59,358.5,244.5
1986-11-21,1893.56,354.7,245.86
1986-11-28,1914.23,359.6,249.22
1986-12-05,1925.06,363.0,251.17
1986-12-12,1912.26,355.9,247.35
1986-12-19,1928.85,352.2,249.73
1986-12-26,1930.4,349.9,246.92
1987-01-02,1927.31,353.2,246.45
1987-01-09,2005.91,380.7,258.73
1987-01-16,2076.63,389.9,266.28
1987-01-23,2101.52,392.2,270.1
1987-01-30,2158.04,392.1,274.08
1987-02-06,2186.87,406.9,280.04
1987-02-13,2183.35,412.5,279.7
1987-02-20,2235.24,417.2,285.48
1987-02-27,2223.99,425.0,284.2
1987-03-06,2280.23,429.5,290.66
1987-03-13,2258.66,432.0,289.89
1987-03-20,2333.52,439.6,298.17
1987-03-27,2335.8,436.6,296.13
1987-04-03,2390.34,437.4,300.41
1987-04-10,2338.78,430.9,292.49
1987-04-16,2275.99,419.5,286.91
1987-04-24,2235.37,412.6,281.52
1987-05-01,2280.4,418.4,288.03
1987-05-08,2322.3,423.2,293.37
1987-05-15,2272.52,418.9,287.43
1987-05-22,2243.2,407.4,282.16
1987-05-29,2291.57,416.5,290.1
1987-06-05,2326.15,417.8,293.45
1987-06-12,2377.73,425.4,301.62
1987-06-19,2420.85,429.1,306.97
1987-06-26,2436.86,426.7,307.16
1987-07-02,2436.7,425.9,305.63
1987-07-10,2455.99,426.0,308.37
1987-07-17,2510.04,434.1,314.59
1987-07-24,2485.33,429.1,309.27
1987-07-31,2572.07,434.9,318.66
1987-08-07,2592.0,443.6,323.0
1987-08-14,2685.43,451.6,333.99
1987-08-21,2709.5,455.2,335.9
1987-08-28,2639.35,453.3,327.04
1987-09-04,2561.38,,316.7
1987-09-11,2608.74,446.2,321.98
1987-09-18,2524.64,440.9,314.86
1987-09-25,2570.17,441.9,320.16
1987-10-02,2640.99,451.6,328.07
1987-10-09,2482.21,438.4,311.07
1987-10-16,2246.73,406.3,282.7
1987-10-23,1950.76,328.5,248.22
1987-10-30,1993.53,323.3,251.79
1987-11-06,1959.05,326.4,250.41
1987-11-13,1935.01,323.0,245.64
1987-11-20,1913.63,312.5,242.0
1987-11-27,1910.48,316.5,240.34
1987-12-04,1766.74,292.9,223.92
1987-12-11,1867.04,302.6,235.32
1987-12-18,1975.3,326.9,249.16
1987-12-24,1999.67,333.2,252.03
1987-12-31,1938.83,330.5,247.08
1988-01-08,1911.31,338.5,243.4
1988-01-15,1956.07,340.1,252.05
1988-01-22,1903.51,337.6,246.5
1988-01-29,1958.22,344.7,257.07
1988-02-05,1910.48,345.8,250.96
1988-02-12,1983.26,353.3,257.63
1988-02-19,2014.59,357.1,261.61
1988-02-26,2023.21,363.4,262.46
1988-03-04,2057.86,373.4,267.3
1988-03-11,2034.98,375.5,264.94
1988-03-18,2087.37,381.6,271.12
1988-03-25,1978.95,372.5,258.51
1988-03-31,1988.06,374.6,258.89
1988-04-08,2090.19,381.8,269.43
1988-04-15,2013.93,373.9,259.77
1988-04-22,2015.09,374.0,260.14
1988-04-29,2032.33,379.2,261.33
1988-05-06,2007.46,379.4,257.48
1988-05-13,1990.55,372.5,256.78
1988-05-20,1952.59,366.0,253.02
1988-05-27,1956.44,366.7,253.42
1988-06-03,2071.31,376.9,266.45
1988-06-10,2101.71,386.3,271.26
1988-06-17,2104.02,386.9,270.68
1988-06-24,2142.96,391.6,273.78
1988-07-01,2131.58,394.7,271.78
1988-07-08,2106.15,394.3,270.02
1988-07-15,2129.45,395.0,272.05
1988-07-22,2060.99,387.4,263.5
1988-07-29,2128.73,387.3,272.02
1988-08-05,2119.13,387.7,271.15
1988-08-12,2037.52,379.0,262.55
1988-08-19,2016.0,377.4,260.24
1988-08-26,2017.43,374.4,259.68
1988-09-02,2054.59,376.5,264.48
1988-09-09,2068.81,381.6,266.84
1988-09-16,2098.15,383.9,270.65
1988-09-23,2090.68,385.0,269.76
1988-09-30,2112.91,387.7,271.91
1988-10-07,2150.25,385.7,278.07
1988-10-14,2133.18,384.6,275.5
1988-10-21,2183.5,388.6,283.66
1988-10-28,2149.89,382.8,278.53
1988-11-04,2145.8,381.0,276.31
1988-11-11,2067.03,373.8,267.92
1988-11-18,2062.41,367.6,266.47
1988-11-25,2074.68,366.4,267.23
1988-12-02,2092.28,373.9,271.81
1988-12-09,2143.49,375.2,277.03
1988-12-16,2150.71,375.8,276.29
1988-12-23,2168.93,377.3,277.87
1988-12-30,2168.57,381.4,277.72
1989-01-06,2194.29,384.7,280.67
1989-01-13,2226.07,387.1,283.87
1989-01-20,2235.36,391.7,286.63
1989-01-27,2322.86,398.0,293.82
1989-02-03,2331.25,406.4,296.97
1989-02-10,2286.07,402.4,292.02
1989-02-17,2324.82,407.2,296.76
1989-02-24,2245.54,400.0,287.13
1989-03-03,2274.29,404.0,291.18
1989-03-10,2282.14,405.9,292.88
1989-03-17,2292.14,402.2,292.69
1989-03-23,2243.04,400.9,288.98
1989-03-31,2293.62,406.7,294.87
1989-04-07,2304.8,410.7,297.16
1989-04-14,2337.06,417.7,301.36
1989-04-21,2409.46,423.8,309.61
1989-04-28,2418.8,427.6,309.64
1989-05-05,2381.96,430.7,307.61
1989-05-12,2439.7,434.8,313.84
1989-05-19,2501.1,442.1,321.24
1989-05-26,2493.77,445.2,321.59
1989-06-02,2517.83,451.6,325.52
1989-06-09,2513.42,453.7,326.69
1989-06-16,2486.38,447.2,321.35
1989-06-23,2531.87,448.4,328.0
1989-06-30,2440.06,435.3,317.98
1989-07-07,2487.86,442.4,324.91
1989-07-14,2554.82,448.9,331.84
1989-07-21,2607.36,449.3,335.9
1989-07-28,2635.24,452.8,342.15
1989-08-04,2653.45,457.4,343.92
1989-08-11,2683.99,462.5,344.74
1989-08-18,2687.97,462.0,346.03
1989-08-25,2732.36,466.8,350.52
1989-09-01,2752.09,471.3,353.73
1989-09-08,2709.54,471.3,348.76
1989-09-15,2674.58,467.6,345.06
1989-09-22,2681.61,468.1,347.05
1989-09-29,2692.82,472.9,349.15
1989-10-06,2785.52,483.6,358.78
1989-10-13,2569.26,467.3,333.65
1989-10-20,2689.14,470.7,347.16
1989-10-27,2596.72,452.8,335.06
1989-11-03,2629.51,453.0,337.62
1989-11-10,2625.61,456.2,339.1
1989-11-17,2652.66,456.7,341.61
1989-11-24,2675.55,456.6,343.97
1989-12-01,2747.65,457.1,350.63
1989-12-08,2731.44,456.2,348.69
1989-12-15,2739.55,443.8,350.14
1989-12-22,2711.39,444.6,347.42
1989-12-29,2753.2,454.8,353.4
1990-01-05,2773.25,458.2,352.2
1990-01-12,2689.21,439.7,339.93
1990-01-19,2677.9,440.9,339.15
1990-01-26,2559.23,421.3,325.8
1990-02-02,2602.7,422.2,330.92
1990-02-09,2648.2,428.8,333.62
1990-02-16,2635.59,429.0,332.72
1990-02-23,2564.19,419.5,324.15
1990-03-02,2660.36,431.0,335.54
1990-03-09,2683.33,436.8,337.93
1990-03-16,2741.22,442.2,341.91
1990-03-23,2704.28,437.3,337.22
1990-03-30,2707.21,435.5,339.94
1990-04-06,2717.12,430.9,340.08
1990-04-12,2751.8,436.3,344.34
1990-04-20,2695.95,425.8,335.12
1990-04-27,2645.05,418.0,329.11
1990-05-04,2710.36,428.6,338.39
1990-05-11,2801.58,438.1,352.0
1990-05-18,2819.91,448.3,354.64
1990-05-25,2820.92,453.7,354.58
1990-06-01,2900.97,462.1,363.16
1990-06-08,2862.38,460.9,358.71
1990-06-15,2935.89,467.6,362.91
1990-06-22,2857.18,459.3,355.43
1990-06-29,2880.69,462.3,358.02
1990-07-06,2904.95,460.5,358.42
1990-07-13,2980.2,468.4,367.31
1990-07-20,2961.14,455.3,361.61
1990-07-27,2898.51,442.6,353.44
1990-08-03,2809.65,417.5,344.86
1990-08-10,2716.58,408.0,335.52
1990-08-17,2644.8,393.5,327.83
1990-08-24,2532.92,367.3,311.51
1990-08-31,2614.36,381.2,322.56
1990-09-07,2619.55,380.4,323.4
1990-09-14,2564.11,374.4,316.83
1990-09-21,2512.38,362.3,311.32
1990-09-28,2452.48,344.5,306.05
1990-10-05,2510.64,347.4,311.5
1990-10-12,2398.02,327.6,300.03
1990-10-19,2520.79,337.4,312.48
1990-10-26,2436.14,334.4,304.71
1990-11-02,2490.84,336.5,311.85
1990-11-09,2488.61,342.0,313.74
1990-11-16,2550.25,350.9,317.12
1990-11-23,2527.23,349.0,315.1
1990-11-30,2559.65,359.1,322.22
1990-12-07,2590.1,371.5,327.75
1990-12-14,2593.81,368.8,326.82
1990-12-21,2633.66,373.6,331.75
1990-12-28,2629.21,371.2,328.72
1991-01-04,2566.09,367.2,321.0
1991-01-11,2501.49,361.8,315.23
1991-01-18,2646.78,377.0,332.23
1991-01-25,2659.41,394.3,336.07
1991-02-01,2730.69,417.7,343.05
1991-02-08,2830.69,436.8,359.35
1991-02-15,2934.65,448.7,369.06
1991-02-22,2889.36,449.0,365.65
1991-03-01,2909.9,456.7,370.47
1991-03-08,2955.2,475.11,374.95
1991-03-15,2948.27,466.29,373.59
1991-03-22,2858.91,464.15,367.48
1991-03-28,2913.86,482.3,375.22
1991-04-05,2896.78,495.79,375.36
1991-04-12,2920.79,501.62,380.4
1991-04-19,2965.59,501.19,384.2
1991-04-26,2912.38,494.64,379.02
1991-05-03,2938.86,492.1,380.8
1991-05-10,2920.17,493.42,375.74
1991-05-17,2886.63,481.38,372.39
1991-05-24,2913.91,492.67,377.49
1991-05-31,3027.5,506.11,389.83
1991-06-07,2976.74,498.54,379.43
1991-06-14,3000.45,495.07,382.29
1991-06-21,2965.56,485.82,377.75
1991-06-28,2906.75,475.92,371.16
1991-07-05,2932.47,474.05,374.08
1991-07-12,2980.77,492.71,380.25
1991-07-19,3016.32,497.55,384.22
1991-07-26,2972.5,492.69,380.93
1991-08-02,3006.26,505.67,387.18
1991-08-09,2996.2,508.31,387.12
1991-08-16,2968.02,512.47,385.58
1991-08-23,3040.25,521.06,394.17
1991-08-30,3043.6,525.68,395.43
1991-09-06,3011.63,516.94,389.1
1991-09-13,2985.69,516.71,383.59
1991-09-20,3019.23,527.19,387.92
1991-09-27,3006.04,524.48,385.9
1991-10-04,2961.76,520.4,381.25
1991-10-11,2983.68,519.05,381.45
1991-10-18,3077.15,538.9,392.5
1991-10-25,3004.92,525.13,384.2
1991-11-01,3056.35,540.93,391.32
1991-11-08,3045.62,548.08,392.89
1991-11-15,2943.2,531.29,382.62
1991-11-22,2902.73,526.46,376.14
1991-11-29,2894.68,523.9,375.22
1991-12-06,2886.4,536.3,379.1
1991-12-13,2914.36,540.9,384.47
1991-12-20,2934.48,535.76,387.04
1991-12-27,3101.52,565.71,406.46
1992-01-03,3201.48,592.65,419.34
1992-01-10,3199.46,615.7,415.1
1992-01-17,3264.98,626.85,418.86
1992-01-24,3232.78,624.68,415.48
1992-01-31,3223.39,620.21,408.78
1992-02-07,3225.4,634.95,411.09
1992-02-14,3245.97,636.43,412.48
1992-02-21,3280.19,629.75,411.43
1992-02-28,3267.67,633.47,412.7
1992-03-06,3221.6,615.95,404.44
1992-03-13,3235.91,618.62,405.84
1992-03-20,3276.39,624.28,411.3
1992-03-27,3231.44,604.67,403.5
1992-04-03,3249.11,590.01,401.55
1992-04-10,3255.37,584.24,404.29
1992-04-16,3366.5,591.81,416.04
1992-04-24,3324.46,572.89,409.02
1992-05-01,3336.09,578.14,412.53
1992-05-08,3369.41,585.76,416.05
1992-05-15,3353.09,574.43,410.09
1992-05-22,3386.77,580.3,414.02
1992-05-29,3396.88,585.31,415.35
1992-06-05,3398.69,585.43,413.48
1992-06-12,3354.36,569.52,409.76
1992-06-19,3285.35,554.2,403.67
1992-06-26,3282.41,547.84,403.45
1992-07-02,3330.29,563.35,411.77
1992-07-10,3330.56,567.8,414.62
1992-07-17,3331.64,570.52,415.62
1992-07-24,3285.71,565.61,411.6
1992-07-31,3393.78,580.83,424.21
1992-08-07,3332.18,573.74,418.88
1992-08-14,3328.94,573.18,419.91
1992-08-21,3254.09,563.7,414.85
1992-08-28,3267.61,563.56,414.84
1992-09-04,3281.93,573.44,417.08
1992-09-11,3305.7,583.01,419.58
1992-09-18,3327.05,589.12,422.93
1992-09-25,3250.32,577.2,414.35
1992-10-02,3200.61,571.63,410.47
1992-10-09,3136.58,570.52,402.66
1992-10-16,3174.41,582.61,411.73
1992-10-23,3207.64,597.3,414.1
1992-10-30,3226.28,605.17,418.68
1992-11-06,3240.06,616.82,417.58
1992-11-13,3233.03,637.16,422.43
1992-11-20,3227.36,642.6,426.65
1992-11-27,3282.2,649.49,430.16
1992-12-04,3288.68,661.6,432.06
1992-12-11,3304.08,655.79,433.73
1992-12-18,3313.27,661.29,441.28
1992-12-24,3326.24,665.88,439.77
1992-12-31,3301.11,676.95,435.71
1993-01-08,3251.67,677.21,429.05
1993-01-15,3271.12,697.15,437.15
1993-01-22,3256.81,701.63,436.11
1993-01-29,3310.03,696.34,438.78
1993-02-05,3442.14,700.98,448.93
1993-02-12,3392.43,690.54,444.58
1993-02-19,3322.18,663.61,434.22
1993-02-26,3370.81,670.77,443.38
1993-03-05,3404.58,681.37,446.11
1993-03-12,3427.82,692.78,449.83
1993-03-19,3471.58,682.72,450.18
1993-03-26,3439.98,681.54,447.78
1993-04-02,3370.81,669.85,441.39
1993-04-08,3396.48,666.33,441.84
1993-04-16,3478.61,666.78,448.94
1993-04-23,3413.77,658.41,437.03
1993-04-30,3427.55,661.42,440.19
1993-05-07,3437.19,681.44,442.31
1993-05-14,3443.01,676.37,439.56
1993-05-21,3492.83,694.29,445.84
1993-05-28,3527.43,700.53,450.19
1993-06-04,3545.14,702.01,450.06
1993-06-11,3505.01,693.19,447.26
1993-06-18,3494.77,689.59,443.68
1993-06-25,3490.89,694.81,447.6
1993-07-02,3483.97,704.49,445.84
1993-07-09,3521.06,705.81,448.11
1993-07-16,3528.29,699.73,445.75
1993-07-23,3546.74,700.24,447.1
1993-07-30,3539.47,704.7,448.13
1993-08-06,3560.43,718.08,448.68
1993-08-13,3569.65,718.26,450.14
1993-08-20,3615.48,730.96,456.16
1993-08-27,3640.63,734.07,460.54
1993-09-03,3633.93,749.71,461.34
1993-09-10,3621.63,744.31,461.72
1993-09-17,3613.25,740.11,458.83
1993-09-24,3543.11,754.65,457.63
1993-10-01,3581.11,763.23,461.28
1993-10-08,3584.74,764.27,460.31
1993-10-15,3629.73,787.42,469.5
1993-10-22,3649.3,772.68,463.27
1993-10-29,3680.59,779.26,467.83
1993-11-05,3643.43,762.99,459.57
1993-11-12,3684.51,779.32,465.39
1993-11-19,3694.01,751.56,462.6
1993-11-26,3683.95,754.87,463.06
1993-12-03,3704.07,772.22,464.89
1993-12-10,3740.67,760.74,463.93
1993-12-17,3751.57,759.23,466.38
1993-12-23,3757.72,758.7,467.38
1993-12-31,3754.09,776.8,466.45
1994-01-07,3820.77,782.94,469.9
1994-01-14,3867.2,792.31,474.91
1994-01-21,3914.48,794.28,474.72
1994-01-28,3945.43,796.53,478.7
1994-02-04,3871.42,777.28,469.81
1994-02-11,3894.78,781.39,470.18
1994-02-18,3887.46,788.85,467.69
1994-02-25,3838.78,783.78,466.07
1994-03-04,3832.3,790.55,464.74
1994-03-11,3862.7,789.2,466.44
1994-03-18,3895.65,803.93,471.06
1994-03-25,3774.73,783.45,460.58
1994-03-31,3635.96,743.46,445.77
1994-04-08,3674.26,748.71,447.1
1994-04-15,3661.47,727.97,446.18
1994-04-22,3648.68,722.56,447.63
1994-04-29,3681.69,733.84,450.91
1994-05-06,3669.5,732.86,447.82
1994-05-13,3659.68,716.92,444.14
1994-05-20,3766.35,726.7,454.92
1994-05-27,3757.14,733.14,457.33
1994-06-03,3772.22,742.38,460.13
1994-06-10,3773.45,734.25,458.67
1994-06-17,3776.78,729.35,458.45
1994-06-24,3636.94,693.79,442.8
1994-07-01,3646.65,706.85,446.2
1994-07-08,3709.14,707.46,449.55
1994-07-15,3753.81,721.36,454.16
1994-07-22,3735.04,716.68,453.11
1994-07-29,3764.5,722.16,458.26
1994-08-05,3747.02,718.67,457.09
1994-08-12,3768.71,731.61,461.94
1994-08-19,3755.11,742.43,463.68
1994-08-26,3881.05,762.94,473.8
1994-09-02,3885.58,759.23,470.99
1994-09-09,3874.81,763.73,468.18
1994-09-16,3933.35,777.91,471.19
1994-09-23,3831.75,757.46,459.67
1994-09-30,3843.19,764.29,462.71
1994-10-07,3797.43,749.96,455.1
1994-10-14,3910.47,767.08,469.1
1994-10-21,3891.3,765.38,464.89
1994-10-28,3930.66,776.15,473.77
1994-11-04,3807.52,766.08,462.28
1994-11-11,3801.47,762.12,462.35
1994-11-18,3815.26,764.67,461.47
1994-11-25,3708.27,742.52,452.29
1994-12-02,3745.62,745.02,453.3
1994-12-09,3691.11,719.05,446.96
1994-12-16,3807.19,729.07,458.8
1994-12-23,3833.43,742.19,459.83
1994-12-30,3834.44,751.96,459.27
1995-01-06,3867.41,749.69,460.68
1995-01-13,3908.46,762.16,465.97
1995-01-20,3869.43,762.05,464.78
1995-01-27,3857.99,758.91,470.39
1995-02-03,3928.64,772.06,478.65
1995-02-10,3939.07,790.43,481.46
1995-02-17,3953.54,786.97,481.97
1995-02-24,4011.74,791.08,488.11
1995-03-03,3989.61,798.79,485.42
1995-03-10,4035.61,802.22,489.57
1995-03-17,4073.65,808.33,495.52
1995-03-24,4138.67,818.66,500.97
1995-03-31,4157.69,817.21,500.71
1995-04-07,4192.62,814.69,506.42
1995-04-13,4208.18,832.64,509.23
1995-04-21,4270.09,823.44,508.49
1995-04-28,4321.27,843.98,514.71
1995-05-05,4343.4,843.53,520.12
1995-05-12,4430.56,858.94,525.55
1995-05-19,4341.33,864.57,519.19
1995-05-26,4369.0,871.87,523.65
1995-06-02,4444.39,872.97,532.51
1995-06-09,4423.99,884.38,527.94
1995-06-16,4510.79,908.65,539.83
1995-06-23,4585.84,938.87,549.71
1995-06-30,4556.1,933.45,544.75
1995-07-07,4702.73,969.76,556.37
1995-07-14,4708.82,999.33,559.89
1995-07-21,4641.55,961.77,553.62
1995-07-28,4715.51,1005.28,562.93
1995-08-04,4683.46,991.09,558.94
1995-08-11,4618.3,1004.11,555.11
1995-08-18,4617.6,1031.28,559.21
1995-08-25,4601.4,1019.97,560.1
1995-09-01,4647.54,1019.47,563.84
1995-09-08,4700.72,1060.03,572.68
1995-09-15,4797.57,1051.1,583.35
1995-09-22,4764.15,1053.39,581.73
1995-09-29,4789.08,1043.54,584.41
1995-10-06,4769.21,1012.04,582.49
1995-10-13,4793.78,1018.38,584.5
1995-10-20,4794.86,1039.53,587.46
1995-10-27,4741.75,1025.55,579.7
1995-11-03,4825.57,1065.66,590.57
1995-11-10,4870.37,1063.87,592.72
1995-11-17,4989.95,1045.03,600.07
1995-11-24,5048.84,1030.17,599.97
1995-12-01,5087.13,1055.31,606.98
1995-12-08,5156.86,1062.41,617.48
1995-12-15,5176.73,1030.48,616.34
1995-12-22,5097.97,1046.89,611.95
1995-12-29,5117.12,1052.13,615.93
1996-01-05,5181.43,1033.47,616.71
1996-01-12,5061.12,1008.23,601.81
1996-01-19,5184.68,1018.45,611.83
1996-01-26,5271.75,1040.96,621.62
1996-02-02,5373.99,1072.11,635.84
1996-02-09,5541.62,1094.6,656.37
1996-02-16,5503.32,1090.71,647.98
1996-02-23,5630.49,1117.79,659.08
1996-03-01,5536.56,1086.08,644.37
1996-03-08,5470.45,1063.73,633.5
1996-03-15,5584.97,1099.59,641.43
1996-03-22,5636.64,1102.22,650.62
1996-03-29,5587.14,1101.4,645.5
1996-04-04,5682.88,1118.21,655.86
1996-04-12,5532.59,1100.94,636.71
1996-04-19,5535.48,1138.7,645.07
1996-04-26,5567.99,1186.89,653.46
1996-05-03,5478.03,1184.6,641.63
1996-05-10,5518.14,1202.76,652.09
1996-05-17,5687.5,1241.88,668.91
1996-05-24,5762.86,1247.8,678.51
1996-05-31,5643.18,1243.43,669.12
1996-06-07,5697.11,1229.76,673.31
1996-06-14,5649.45,1213.18,665.85
1996-06-21,5705.23,1175.44,666.84
1996-06-28,5654.63,1185.02,670.63
1996-07-05,5588.14,1158.35,657.44
1996-07-12,5510.56,1103.49,646.19
1996-07-19,5426.82,1097.68,638.73
1996-07-26,5473.06,1079.44,635.9
1996-08-02,5679.83,1124.92,662.49
1996-08-09,5681.31,1137.27,662.1
1996-08-16,5689.45,1133.65,665.21
1996-08-23,5722.74,1143.05,667.03
1996-08-30,5616.21,1141.5,651.99
1996-09-06,5659.86,1139.39,655.68
1996-09-13,5838.52,1188.67,680.54
1996-09-20,5888.46,1219.69,687.03
1996-09-27,5872.92,1230.05,686.19
1996-10-04,5992.86,1247.56,701.46
1996-10-11,5969.38,1248.27,700.66
1996-10-18,6094.23,1242.48,710.82
1996-10-25,6007.02,1222.6,700.92
1996-11-01,6021.93,1221.78,703.77
1996-11-08,6219.82,1257.51,730.82
1996-11-15,6348.03,1261.8,737.62
1996-11-22,6471.76,1274.36,748.73
1996-11-29,6521.7,1292.61,757.02
1996-12-06,6381.94,1287.68,739.6
1996-12-13,6304.87,1284.91,728.64
1996-12-20,6484.4,1288.56,748.87
1996-12-27,6560.91,1291.38,756.79
1997-01-03,6544.09,1310.68,748.03
1997-01-10,6703.79,1332.02,759.5
1997-01-17,6833.1,1349.05,776.17
1997-01-24,6696.48,1363.83,770.52
1997-01-31,6813.09,1379.85,786.16
1997-02-07,6855.8,1357.71,789.56
1997-02-14,6988.96,1367.19,808.48
1997-02-21,6931.62,1334.32,801.77
1997-02-28,6877.74,1309.0,790.82
1997-03-07,7000.89,1311.8,804.97
1997-03-14,6935.46,1292.97,793.17
1997-03-21,6804.79,1254.07,784.1
1997-03-27,6740.59,1249.51,773.88
1997-04-04,6526.07,1236.73,757.9
1997-04-11,6391.69,1206.9,737.65
1997-04-18,6703.55,1222.57,766.34
1997-04-25,6738.87,1209.29,765.37
1997-05-02,7071.2,1305.33,812.97
1997-05-09,7169.53,1335.05,824.78
1997-05-16,7194.67,1340.73,829.75
1997-05-23,7345.91,1389.72,847.03
1997-05-30,7331.04,1400.32,848.28
1997-06-06,7435.78,1404.84,858.01
1997-06-13,7782.04,1423.03,893.27
1997-06-20,7796.51,1447.1,898.7
1997-06-27,7687.72,1438.15,887.3
1997-07-03,7895.81,1467.61,916.92
1997-07-11,7921.82,1502.62,916.68
1997-07-18,7890.46,1547.99,915.3
1997-07-25,8113.44,1569.58,938.79
1997-08-01,8194.04,1594.33,947.14
1997-08-08,8031.22,1598.52,933.54
1997-08-15,7694.66,1562.03,900.81
1997-08-22,7887.91,1598.69,923.54
1997-08-29,7622.42,1587.32,899.47
1997-09-05,7822.41,1635.77,929.05
1997-09-12,7742.97,1649.33,923.91
1997-09-19,7917.27,1680.36,950.51
1997-09-26,7922.18,1682.24,945.22
1997-10-03,8038.58,1715.87,965.03
1997-10-10,8045.21,1739.03,966.98
1997-10-17,7847.03,1666.85,944.16
1997-10-24,7715.41,1650.92,941.64
1997-10-31,7442.08,1593.61,914.62
1997-11-07,7581.32,1602.4,927.51
1997-11-14,7572.48,1583.51,928.35
1997-11-21,7881.07,1620.75,963.09
1997-11-28,7823.13,1600.55,955.4
1997-12-05,8149.13,1633.9,983.79
1997-12-12,7838.3,1536.58,953.39
1997-12-19,7756.29,1524.74,946.78
1997-12-26,7679.31,1511.38,936.46
1998-01-02,7965.04,1581.53,975.04
1998-01-09,7580.42,1503.22,927.69
1998-01-16,7753.55,1562.88,961.51
1998-01-23,7700.74,1575.93,957.59
1998-01-30,7906.5,1619.36,980.28
1998-02-06,8189.49,1694.35,1012.46
1998-02-13,8370.1,1710.42,1020.09
1998-02-20,8413.94,1728.13,1034.21
1998-02-27,8545.72,1770.51,1049.34
1998-03-06,8569.39,1753.49,1055.69
1998-03-13,8602.52,1771.66,1068.61
1998-03-20,8906.43,1789.16,1099.16
1998-03-27,8796.08,1823.62,1095.44
1998-04-03,8983.41,1855.4,1122.7
1998-04-09,8994.86,1820.24,1110.67
1998-04-17,9167.5,1866.6,1122.72
1998-04-24,9064.62,1868.96,1107.9
1998-05-01,9147.07,1873.44,1121.0
1998-05-08,9055.15,1864.37,1108.14
1998-05-15,9096.0,1846.77,1108.73
1998-05-22,9114.44,1805.0,1110.47
1998-05-29,8899.95,1778.87,1090.82
1998-06-05,9037.71,1782.92,1113.86
1998-06-12,8834.94,1745.05,1098.84
1998-06-19,8712.87,1781.29,1100.65
1998-06-26,8944.54,1869.53,1133.2
1998-07-02,9025.26,1894.0,1146.42
1998-07-10,9105.74,1943.04,1164.33
1998-07-17,9337.97,2008.76,1186.75
1998-07-24,8937.36,1930.99,1140.8
1998-07-31,8883.29,1872.39,1120.67
1998-08-07,8598.02,1846.77,1089.45
1998-08-14,8425.0,1790.19,1062.75
1998-08-21,8533.65,1797.61,1081.24
1998-08-28,8051.68,1639.68,1027.14
1998-09-04,7640.25,1566.52,973.89
1998-09-11,7795.5,1641.64,1009.06
1998-09-18,7895.66,1663.77,1020.09
1998-09-25,8028.77,1743.59,1044.75
1998-10-02,7784.69,1614.98,1002.6
1998-10-09,7899.52,1492.49,984.39
1998-10-16,8416.76,1620.95,1056.42
1998-10-23,8452.29,1693.86,1070.67
1998-10-30,8592.1,1771.39,1098.67
1998-11-06,8975.46,1856.56,1141.01
1998-11-13,8919.59,1847.99,1125.72
1998-11-20,9159.55,1928.21,1163.55
1998-11-27,9333.08,2016.44,1192.33
1998-12-04,9016.14,2003.16,1176.74
1998-12-11,8821.76,2029.31,1166.46
1998-12-18,8903.63,2086.14,1188.03
1998-12-24,9217.99,2163.04,1226.27
1998-12-31,9181.43,2192.69,1229.23
1999-01-08,9643.32,2344.41,1275.09
1999-01-15,9340.55,2348.2,1243.26
1999-01-22,9120.67,2338.88,1225.19
1999-01-29,9358.83,2505.89,1279.64
1999-02-05,9304.24,2373.62,1239.4
1999-02-12,9274.89,2321.89,1230.13
1999-02-19,9339.95,2283.6,1239.22
1999-02-26,9306.58,2288.03,1238.33
1999-03-05,9736.08,2337.11,1275.47
1999-03-12,9876.35,2381.53,1294.59
1999-03-19,9903.55,2421.27,1299.29
1999-03-26,9822.24,2419.17,1282.8
1999-04-01,9832.51,2493.37,1293.72
1999-04-09,10173.84,2593.05,1348.35
1999-04-16,10493.89,2484.04,1319.0
1999-04-23,10689.67,2590.69,1356.85
1999-04-30,10789.04,2542.85,1335.18
1999-05-07,11031.59,2503.62,1345.0
1999-05-14,10913.32,2527.86,1337.8
1999-05-21,10829.28,2520.14,1330.29
1999-05-28,10559.74,2470.52,1301.84
1999-06-04,10799.84,2478.34,1327.75
1999-06-11,10490.51,2447.88,1293.64
1999-06-18,10855.56,2563.44,1342.84
1999-06-25,10552.56,2552.65,1315.31
1999-07-02,11139.24,2741.02,1391.22
1999-07-09,11193.7,2793.07,1403.28
1999-07-16,11209.84,2864.48,1418.78
1999-07-23,10910.96,2692.4,1356.94
1999-07-30,10655.15,2638.49,1328.72
1999-08-06,10714.03,2547.97,1300.29
1999-08-13,10973.65,2637.81,1327.68
1999-08-20,11100.61,2648.33,1336.61
1999-08-27,11090.17,2758.9,1348.27
1999-09-03,11078.45,2843.11,1357.24
1999-09-10,11028.43,2887.06,1351.66
1999-09-17,10803.63,2869.62,1335.42
1999-09-23,10318.59,2749.83,
1999-10-01,10273.0,2736.85,1282.81
1999-10-08,10649.76,2886.57,1336.02
1999-10-15,10019.71,2731.83,1247.41
1999-10-22,10470.25,2816.52,1301.65
1999-10-29,10729.86,2966.43,1362.93
1999-11-05,10704.48,3102.29,1370.23
1999-11-12,10769.32,3191.08,1396.04
1999-11-19,11003.89,3369.25,1422.0
1999-11-26,10988.91,3447.81,1416.62
1999-12-03,11286.18,3520.63,1433.3
1999-12-10,11224.7,3620.24,1417.04
1999-12-17,11257.43,3753.06,1421.05
1999-12-23,11405.76,3969.44,1458.34
1999-12-31,11497.12,4069.31,1469.25
2000-01-07,11522.56,3882.62,1441.47
2000-01-14,11722.98,4064.27,1465.15
2000-01-21,11251.71,4235.4,1441.36
2000-01-28,10738.87,3887.07,1360.16
2000-02-04,10963.8,4244.14,1424.37
2000-02-11,10425.21,4395.45,1387.12
2000-02-18,10219.52,4411.74,1346.09
2000-02-25,9862.12,4590.5,1333.36
2000-03-03,10367.2,4914.79,1409.17
2000-03-10,9928.82,5048.62,1395.07
2000-03-17,10595.23,4798.13,1464.47
2000-03-24,11112.72,4963.03,1527.46
2000-03-31,10921.92,4572.83,1498.58
2000-04-07,11111.48,4446.45,1516.35
2000-04-14,10305.77,3321.29,1357.31
2000-04-20,10844.05,3643.88,1434.54
2000-04-28,10733.91,3860.66,1452.43
2000-05-05,10577.86,3816.82,1432.63
2000-05-12,10609.37,3529.06,1420.96
2000-05-19,10626.85,3390.4,1406.95
2000-05-26,10299.24,3205.11,1378.02
2000-06-02,10794.76,3813.38,1477.26
2000-06-09,10614.06,3874.84,1456.95
2000-06-16,10449.3,3860.56,1464.46
2000-06-23,10404.75,3845.34,1441.48
2000-06-30,10447.89,3966.11,1454.6
2000-07-07,10635.98,4023.2,1478.9
2000-07-14,10812.75,4246.18,1509.98
2000-07-21,10733.56,4094.45,1480.19
2000-07-28,10511.17,3663.0,1419.89
2000-08-04,10767.75,3787.36,1462.93
2000-08-11,11027.8,3789.47,1471.84
2000-08-18,11046.48,3930.34,1491.72
2000-08-25,11192.63,4042.68,1506.46
2000-09-01,11238.78,4234.33,1520.77
2000-09-08,11220.65,3978.41,1494.5
2000-09-15,10927.0,3835.23,1465.81
2000-09-22,10847.37,3803.76,1448.72
2000-09-29,10650.92,3672.82,1436.51
2000-10-06,10596.54,3361.01,1408.99
2000-10-13,10192.18,3316.77,1374.17
2000-10-20,10226.59,3483.14,1396.93
2000-10-27,10590.62,3278.36,1379.58
2000-11-03,10817.95,3451.58,1426.69
2000-11-10,10602.95,3028.99,1365.98
2000-11-17,10629.87,3027.19,1367.72
2000-11-24,10470.23,2904.38,1341.77
2000-12-01,10373.54,2645.29,1315.23
2000-12-08,10712.91,2917.43,1369.89
2000-12-15,10434.96,2653.27,1312.15
2000-12-22,10635.56,2517.02,1305.95
2000-12-29,10786.85,2470.52,1320.28
2001-01-05,10662.01,2407.65,1298.35
2001-01-12,10525.38,2626.5,1318.55
2001-01-19,10587.59,2770.38,1342.55
2001-01-26,10659.98,2781.3,1354.95
2001-02-02,10864.1,2660.5,1349.47
2001-02-09,10781.45,2470.97,1314.76
2001-02-16,10799.82,2425.38,1301.53
2001-02-23,10441.9,2262.51,1245.86
2001-03-02,10466.31,2117.63,1234.18
2001-03-09,10644.62,2052.78,1233.42
2001-03-16,9823.41,1890.91,1150.53
2001-03-23,9504.78,1928.68,1139.83
2001-03-30,9878.78,1840.26,1160.33
2001-04-06,9791.09,1720.36,1128.43
2001-04-12,10126.94,1961.43,1183.5
2001-04-20,10579.85,2163.41,1242.98
2001-04-27,10810.05,2075.68,1253.05
2001-05-04,10951.24,2191.53,1266.61
2001-05-11,10821.31,2107.43,1245.67
2001-05-18,11301.74,2198.83,1291.96
2001-05-25,11005.37,2251.03,1277.89
2001-06-01,10990.41,2149.44,1260.67
2001-06-08,10977.0,2215.1,1264.96
2001-06-15,10623.64,2028.43,1214.36
2001-06-22,10604.59,2034.84,1225.35
2001-06-29,10502.4,2160.54,1224.38
2001-07-06,10252.68,2004.16,1190.59
2001-07-13,10539.06,2084.79,1215.68
2001-07-20,10576.65,2029.37,1210.85
2001-07-27,10416.67,2029.07,1205.82
2001-08-03,10512.78,2066.33,1214.35
2001-08-10,10416.25,1956.47,1190.16
2001-08-17,10240.78,1867.01,1161.97
2001-08-24,10423.17,1916.8,1184.93
2001-08-31,9949.75,1805.43,1133.58
2001-09-07,9605.85,1687.7,1085.78
2001-09-10,9605.51,,
2001-09-21,8235.81,1423.19,965.8
2001-09-28,8847.56,1498.8,1040.94
2001-10-05,9119.77,1605.3,1071.38
2001-10-12,9344.16,1703.4,1091.65
2001-10-19,9204.11,1671.31,1073.48
2001-10-26,9545.17,1768.96,1104.61
2001-11-02,9323.54,1745.73,1087.2
2001-11-09,9608.0,1828.48,1120.31
2001-11-16,9866.99,1898.58,1138.65
2001-11-23,9959.71,1903.2,1150.34
2001-11-30,9851.56,1930.58,1139.45
2001-12-07,10049.46,2021.26,1158.31
2001-12-14,9811.15,1953.17,1123.07
2001-12-21,10035.34,1945.83,1144.89
2001-12-28,10136.99,1987.26,1161.02
2002-01-04,10259.74,2059.38,1172.51
2002-01-11,9987.53,2022.46,1145.6
2002-01-18,9771.85,1930.34,1127.58
2002-01-25,9840.08,1937.7,1133.28
2002-02-01,9907.26,1911.24,1122.2
2002-02-08,9744.24,1818.88,1096.22
2002-02-15,9903.04,1805.2,1104.18
2002-02-22,9968.15,1724.54,1089.84
2002-03-01,10368.86,1802.74,1131.78
2002-03-08,10572.49,1929.67,1164.31
2002-03-15,10607.23,1868.3,1166.16
2002-03-22,10427.67,1851.39,1148.7
2002-03-28,10403.94,1845.35,1147.39
2002-04-05,10271.64,1770.03,1122.73
2002-04-12,10190.82,1756.19,1111.01
2002-04-19,10257.11,1796.83,1125.17
2002-04-26,9910.72,1663.89,1076.32
2002-05-03,10006.63,1613.03,1073.43
2002-05-10,9939.92,1600.85,1054.99
2002-05-17,10353.08,1741.39,1106.59
2002-05-24,10104.26,1661.49,1083.82
2002-05-31,9925.25,1615.73,1067.14
2002-06-07,9589.67,1535.48,1027.53
2002-06-14,9474.21,1504.74,1007.27
2002-06-21,9253.79,1440.96,989.14
2002-06-28,9243.26,1463.21,989.82
2002-07-05,9379.5,1448.36,989.03
2002-07-12,8684.53,1373.5,921.39
2002-07-19,8019.26,1319.15,847.75
2002-07-26,8264.39,1262.12,852.84
2002-08-02,8313.13,1247.92,864.24
2002-08-09,8745.45,1306.12,908.64
2002-08-16,8778.06,1361.01,928.77
2002-08-23,8872.96,1380.62,940.86
2002-08-30,8663.5,1314.85,916.07
2002-09-06,8427.2,1295.3,893.92
2002-09-13,8312.69,1291.4,889.81
2002-09-20,7986.02,1221.09,845.39
2002-09-27,7701.45,1199.16,827.37
2002-10-04,7528.4,1139.9,800.58
2002-10-11,7850.29,1210.47,835.32
2002-10-18,8322.4,1287.86,884.39
2002-10-25,8443.99,1331.13,897.65
2002-11-01,8517.64,1360.7,900.96
2002-11-08,8537.13,1359.28,894.74
2002-11-15,8579.09,1411.14,909.83
2002-11-22,8804.84,1468.74,930.55
2002-11-29,8896.09,1478.78,936.31
2002-12-06,8645.77,1422.44,912.23
2002-12-13,8433.71,1362.42,890.99
2002-12-20,8511.32,1363.05,892.1
2002-12-27,8303.78,1348.31,874.73
2003-01-03,8601.69,1387.08,908.59
2003-01-10,8784.95,1447.72,927.57
2003-01-17,8586.74,1376.19,901.78
2003-01-24,8131.01,1342.14,861.4
2003-01-31,8053.81,1320.91,855.7
2003-02-07,7864.23,1282.47,829.69
2003-02-14,7908.8,1310.17,834.89
2003-02-21,8018.11,1349.02,848.17
2003-02-28,7891.08,1337.52,841.15
2003-03-07,7740.03,1305.29,828.89
2003-03-14,7859.71,1340.33,833.27
2003-03-21,8521.97,1421.84,895.89
2003-03-28,8145.77,1369.6,863.5
2003-04-04,8277.15,1383.51,878.85
2003-04-11,8203.41,1358.85,868.3
2003-04-17,8337.65,1425.5,893.58
2003-04-25,8306.35,1434.54,898.81
2003-05-02,8582.68,1502.88,930.08
2003-05-09,8604.6,1520.15,933.41
2003-05-16,8678.97,1538.53,944.3
2003-05-23,8601.38,1510.09,933.22
2003-05-30,8850.26,1595.91,963.59
2003-06-06,9062.79,1627.42,987.76
2003-06-13,9117.12,1626.49,988.61
2003-06-20,9200.75,1644.72,
2003-06-27,8989.05,1625.26,976.22
2003-07-03,9070.21,1663.46,985.7
2003-07-11,9119.59,1733.93,998.14
2003-07-18,9188.15,1708.5,993.32
2003-07-25,9284.57,1730.7,998.68
2003-08-01,9153.97,1715.62,980.15
2003-08-08,9191.09,1644.03,977.59
2003-08-15,9321.69,1702.01,990.67
2003-08-22,9348.87,1765.32,993.06
2003-08-29,9415.82,1810.45,1008.01
2003-09-05,9503.34,1858.24,1021.39
2003-09-12,9471.55,1855.03,1018.63
2003-09-19,9644.82,1905.7,1036.3
2003-09-26,9313.08,1792.07,996.85
2003-10-03,9572.31,1880.57,1029.85
2003-10-10,9674.68,1915.31,1038.06
2003-10-17,9721.79,1912.36,1039.32
2003-10-24,9582.46,1865.59,1028.91
2003-10-31,9801.12,1932.21,1050.71
2003-11-07,9809.79,1970.74,1053.21
2003-11-14,9768.68,1930.26,1050.35
2003-11-21,9628.53,1893.88,1035.28
2003-11-28,9782.46,1960.26,1058.2
2003-12-05,9862.68,1937.82,1061.5
2003-12-12,10042.16,1949.0,1074.14
2003-12-19,10278.22,1951.02,1088.66
2003-12-26,10324.67,1973.14,1095.89
2004-01-02,10409.85,2006.68,1108.48
2004-01-09,10458.89,2086.92,1121.86
2004-01-16,10600.51,2140.46,1139.83
2004-01-23,10568.29,2123.87,1141.55
2004-01-30,10488.07,2066.15,1131.13
2004-02-06,10593.03,2064.01,1142.76
2004-02-13,10627.85,2053.56,1145.81
2004-02-20,10619.03,2037.93,1144.11
2004-02-27,10583.92,2029.82,1144.94
2004-03-05,10595.55,2047.63,1156.86
2004-03-12,10240.08,1984.73,1120.57
2004-03-19,10186.6,1940.47,1109.78
2004-03-26,10212.97,1960.02,1108.06
2004-04-02,10470.59,2057.17,1141.81
2004-04-16,10451.97,1995.74,1134.61
2004-04-23,10472.84,2049.77,1140.6
2004-04-30,10225.57,1920.15,1107.3
2004-05-07,10117.34,1917.96,1098.7
2004-05-14,10012.87,1904.25,1095.7
2004-05-21,9966.74,1912.09,1093.56
2004-05-28,10188.45,1986.74,1120.68
2004-06-04,10242.82,1978.62,1122.5
2004-06-10,10410.1,1999.87,1136.47
2004-06-18,10416.41,1986.73,1135.21
2004-06-25,10371.84,2025.47,1134.43
2004-07-02,10282.83,2006.66,1125.38
2004-07-09,10213.22,1946.33,1112.81
2004-07-16,10139.78,1883.15,1101.39
2004-07-23,9962.22,1849.09,1086.2
2004-07-30,10139.71,1887.36,1101.72
2004-08-06,9815.33,1776.89,1063.97
2004-08-13,9825.35,1757.22,1064.8
2004-08-20,10110.14,1838.02,1098.35
2004-08-27,10195.01,1862.09,1107.77
2004-09-03,10260.2,1844.48,1113.63
2004-09-10,10313.07,1894.31,1123.92
2004-09-17,10284.46,1910.09,1128.55
2004-09-24,10047.24,1879.48,1110.11
2004-10-01,10192.65,1942.2,1131.5
2004-10-08,10055.2,1919.97,1122.14
2004-10-15,9933.38,1911.5,1108.2
2004-10-22,9757.81,1915.14,1095.74
2004-10-29,10027.47,1974.99,1130.2
2004-11-05,10387.54,2038.94,1166.17
2004-11-12,10539.01,2085.34,1184.17
2004-11-19,10456.91,2070.63,1170.34
2004-11-26,10522.23,2101.97,1182.65
2004-12-03,10592.21,2147.96,1191.17
2004-12-10,10543.22,2128.07,1188.0
2004-12-17,10649.92,2135.2,1194.2
2004-12-23,10827.12,2160.62,1210.13
2004-12-31,10783.01,2175.44,1211.92
2005-01-07,10603.96,2088.61,1186.19
2005-01-14,10558.0,2087.91,1184.52
2005-01-21,10392.99,2034.27,1167.87
2005-01-28,10427.2,2035.83,1171.36
2005-02-04,10716.13,2086.66,1203.03
2005-02-11,10796.01,2076.66,1205.3
2005-02-18,10785.22,2058.62,1201.59
2005-02-25,10841.6,2065.4,1211.37
2005-03-04,10940.55,2070.61,1222.12
2005-03-11,10774.36,2041.6,1200.08
2005-03-18,10629.67,2007.79,1189.65
2005-03-24,10442.87,1991.06,1171.42
2005-04-01,10404.3,1984.81,1172.92
2005-04-08,10461.34,1999.35,1181.2
2005-04-15,10087.51,1908.15,1142.62
2005-04-22,10157.71,1932.19,1152.12
2005-04-29,10192.51,1921.65,1156.85
2005-05-06,10345.4,1967.35,1171.35
2005-05-13,10140.12,1976.78,1154.05
2005-05-20,10471.91,2046.42,1189.28
2005-05-27,10542.55,2075.73,1198.78
2005-06-03,10460.97,2071.43,1196.02
2005-06-10,10512.63,2063.0,1198.11
2005-06-17,10623.07,2090.11,1216.96
2005-06-24,10297.84,2053.27,1191.57
2005-07-01,10303.44,2057.37,1194.44
2005-07-08,10449.14,2112.88,1211.86
2005-07-15,10640.83,2156.78,1227.92
2005-07-22,10651.18,2179.74,1233.68
2005-07-29,10640.91,2184.83,1234.18
2005-08-05,10558.03,2177.91,1226.42
2005-08-12,10600.31,2156.9,1230.39
2005-08-19,10559.23,2135.56,1219.71
2005-08-26,10397.29,2120.77,1205.1
2005-09-02,10447.37,2141.07,1218.02
2005-09-09,10678.56,2175.51,1241.48
2005-09-16,10641.94,2160.35,1237.91
2005-09-23,10419.59,2116.84,1215.29
2005-09-30,10568.7,2151.69,1228.81
2005-10-07,10292.31,2090.35,1195.9
2005-10-14,10287.34,2064.83,1186.57
2005-10-21,10215.22,2082.21,1179.59
2005-10-28,10402.77,2089.88,1198.41
2005-11-04,10530.76,2169.43,1220.14
2005-11-11,10686.04,2202.47,1234.72
2005-11-18,10766.33,2227.07,1248.27
2005-11-25,10931.62,2263.01,1268.25
2005-12-02,10877.51,2273.37,1265.08
2005-12-09,10778.58,2256.73,1259.36
2005-12-16,10875.59,2252.48,1267.32
2005-12-23,10883.27,2249.42,1268.66
2005-12-30,10717.5,2205.32,1248.29
2006-01-06,10959.31,2305.62,1285.45
2006-01-13,10959.87,2317.04,1287.61
2006-01-20,10667.39,2247.7,1261.49
2006-01-27,10907.21,2304.23,1283.72
2006-02-03,10793.62,2262.58,1264.03
2006-02-10,10919.05,2261.88,1266.99
2006-02-17,11115.32,2282.36,1287.24
2006-02-24,11061.85,2287.04,1289.43
2006-03-03,11021.59,2302.6,1287.23
2006-03-10,11076.34,2262.04,1281.58
2006-03-17,11279.65,2306.48,1307.25
2006-03-24,11279.97,2312.82,1302.95
2006-03-31,11109.32,2339.79,1294.83
2006-04-07,11120.04,2339.02,1295.5
2006-04-13,11137.65,2326.11,1289.12
2006-04-21,11347.45,2342.86,1311.28
2006-04-28,11367.14,2322.57,1310.61
2006-05-05,11577.74,2342.57,1325.76
2006-05-12,11380.99,2243.78,1291.24
2006-05-19,11144.06,2193.88,1267.03
2006-05-26,11278.61,2210.37,1280.16
2006-06-02,11247.87,2219.41,1288.22
2006-06-09,10891.92,2135.06,1252.3
2006-06-16,11014.55,2129.95,1251.54
2006-06-23,10989.09,2121.47,1244.5
2006-06-30,11150.22,2172.09,1270.2
2006-07-07,11090.67,2130.06,1265.48
2006-07-14,10739.35,2037.35,1236.2
2006-07-21,10868.38,2020.39,1240.29
2006-07-28,11219.7,2094.14,1278.55
2006-08-04,11240.35,2085.05,1279.36
2006-08-11,11088.03,2057.71,1266.74
2006-08-18,11381.47,2163.95,1302.3
2006-08-25,11284.05,2140.29,1295.09
2006-09-01,11464.15,2193.16,1311.01
2006-09-08,11392.11,2165.79,1298.92
2006-09-15,11560.77,2235.59,1319.87
2006-09-22,11508.1,2218.93,1314.78
2006-09-29,11679.07,2258.43,1335.85
2006-10-06,11850.21,2299.99,1349.58
2006-10-13,11960.51,2357.29,1365.62
2006-10-20,12002.37,2342.3,1368.6
2006-10-27,12090.26,2350.62,1377.34
2006-11-03,11986.04,2330.79,1364.3
2006-11-10,12108.43,2389.72,1380.9
2006-11-17,12342.56,2445.86,1401.2
2006-11-24,12280.17,2460.26,1400.95
2006-12-01,12194.13,2413.21,1396.71
2006-12-08,12307.49,2437.36,1409.84
2006-12-15,12445.52,2457.2,1427.09
2006-12-22,12343.22,2401.18,1410.76
2006-12-29,12463.15,2415.29,1418.3
2007-01-05,12398.01,2434.25,1409.71
2007-01-12,12556.08,2502.82,1430.73
2007-01-19,12565.53,2451.31,1430.5
2007-01-26,12487.02,2435.49,1422.18
2007-02-02,12653.49,2475.88,1448.39
2007-02-09,12580.83,2459.82,1438.06
2007-02-16,12767.57,2496.31,1455.54
2007-02-23,12647.48,2515.1,1451.19
2007-03-02,12114.1,2368.0,1387.17
2007-03-09,12276.32,2387.55,1402.85
2007-03-16,12110.41,2372.66,1386.95
2007-03-23,12481.01,2448.93,1436.11
2007-03-30,12354.35,2421.64,1420.86
2007-04-05,12560.2,2471.34,1443.76
2007-04-13,12612.13,2491.94,1452.85
2007-04-20,12961.98,2526.39,1484.35
2007-04-27,13120.94,2557.21,1494.07
2007-05-04,13264.62,2572.15,1505.62
2007-05-11,13326.22,2562.22,1505.85
2007-05-18,13556.53,2558.45,1522.75
2007-05-25,13507.28,2557.19,1515.73
2007-06-01,13668.11,2613.92,1536.34
2007-06-08,13424.39,2573.54,1507.67
2007-06-15,13639.48,2626.71,1532.91
2007-06-22,13360.26,2588.96,1502.56
2007-06-29,13408.62,2603.23,1503.35
2007-07-06,13611.68,2666.51,1525.88
2007-07-13,13907.25,2707.0,1552.5
2007-07-20,13851.08,2687.6,1534.1
2007-07-27,13265.47,2562.24,1458.95
2007-08-03,13181.91,2511.25,1433.06
2007-08-10,13239.54,2544.89,1453.64
2007-08-17,13079.08,2505.03,1445.94
2007-08-24,13378.87,2576.69,1479.37
2007-08-31,13357.74,2596.36,1473.99
2007-09-07,13113.38,2565.7,1453.55
2007-09-14,13442.52,2602.18,1484.25
2007-09-21,13820.19,2671.22,1525.75
2007-09-28,13895.63,2701.5,1526.75
2007-10-05,14066.01,2780.32,1557.59
2007-10-12,14093.08,2805.68,1561.8
2007-10-19,13522.02,2725.16,1500.63
2007-10-26,13806.7,2804.19,1535.28
2007-11-02,13595.1,2810.38,1509.65
2007-11-09,13042.74,2627.94,1453.7
2007-11-16,13176.79,2637.24,1458.74
2007-11-23,12980.88,2596.6,1440.7
2007-11-30,13371.72,2660.96,1481.14
2007-12-07,13625.58,2706.16,1504.66
2007-12-14,13339.85,2635.74,1467.95
2007-12-21,13450.65,2691.99,1484.46
2007-12-28,13365.87,2674.46,1478.49
2008-01-04,12800.18,2504.65,1411.63
2008-01-11,12606.3,2439.94,1401.02
2008-01-18,12099.3,2340.02,1325.19
2008-01-25,12207.17,2326.2,1330.61
2008-02-01,12743.19,2413.36,1395.42
2008-02-08,12182.13,2304.85,1331.29
2008-02-15,12348.21,2321.8,1349.99
2008-02-22,12381.02,2303.35,1353.11
2008-02-29,12266.39,2271.48,1330.63
2008-03-07,11893.69,2212.49,1293.37
2008-03-14,11951.09,2212.49,1288.14
2008-03-20,12361.32,2258.11,1329.51
2008-03-28,12216.4,2261.18,1315.22
2008-04-04,12609.42,2370.98,1370.4
2008-04-11,12325.42,2290.24,1332.83
2008-04-18,12849.36,2402.97,1390.33
2008-04-25,12891.86,2422.93,1397.84
2008-05-02,13058.2,2476.99,1413.9
2008-05-09,12745.88,2445.52,1388.28
2008-05-16,12986.8,2528.85,1425.35
2008-05-23,12479.63,2444.67,1375.93
2008-05-30,12638.32,2522.66,1400.38
2008-06-06,12209.81,2474.56,1360.68
2008-06-13,12307.35,2454.5,1357.5
2008-06-20,11842.69,2406.09,1317.93
2008-06-27,11346.51,2315.63,1278.38
2008-07-03,11288.54,2245.38,1262.9
2008-07-11,11100.54,2239.08,1239.49
2008-07-18,11496.57,2282.78,1260.68
2008-07-25,11370.69,2310.53,1257.76
2008-08-01,11326.32,2310.96,1260.31
2008-08-08,11734.32,2414.1,1296.31
2008-08-15,11659.9,2452.52,1298.19
2008-08-22,11628.06,2414.71,1292.19
2008-08-29,11543.55,2367.52,1282.82
2008-09-05,11220.96,2255.88,1242.31
2008-09-12,11421.99,2261.27,1251.69
2008-09-19,11388.44,2273.9,1255.07
2008-09-26,11143.13,2183.34,1213.27
2008-10-03,10325.38,1947.39,1099.23
2008-10-10,8451.19,1649.51,899.22
2008-10-17,8852.22,1711.29,940.55
2008-10-24,8378.95,1552.03,876.77
2008-10-31,9325.01,1720.95,968.75
2008-11-07,8943.81,1647.4,930.99
2008-11-14,8497.31,1516.85,873.29
2008-11-21,8046.42,1384.35,800.03
2008-11-28,8829.04,1535.57,896.24
2008-12-05,8635.42,1509.31,876.07
2008-12-12,8629.68,1540.72,879.73
2008-12-19,8579.11,1564.32,887.88
2008-12-26,8515.55,1530.24,872.8
2009-01-02,9034.69,1632.21,931.8
2009-01-09,8599.18,1571.59,890.35
2009-01-16,8281.22,1529.33,850.12
2009-01-23,8077.56,1477.29,831.95
2009-01-30,8000.86,1476.42,825.88
2009-02-06,8280.59,1591.71,868.6
2009-02-13,7850.41,1534.36,826.84
2009-02-20,7365.67,1441.23,770.05
2009-02-27,7062.93,1377.84,735.09
2009-03-06,6626.94,1293.85,683.38
2009-03-13,7223.98,1431.5,756.55
2009-03-20,7278.38,1457.27,768.54
2009-03-27,7776.18,1545.2,815.94
2009-04-03,8017.59,1621.87,842.5
2009-04-17,8131.33,1673.07,869.6
2009-04-24,8076.29,1694.29,866.23
2009-05-01,8212.41,1719.2,877.52
2009-05-08,8574.65,1739.0,929.23
2009-05-15,8268.64,1680.14,882.88
2009-05-22,8277.32,1692.01,887.0
2009-05-29,8500.33,1774.33,919.14
2009-06-05,8763.13,1849.42,940.09
2009-06-12,8799.26,1858.8,946.21
2009-06-19,8539.73,1827.47,921.23
2009-06-26,8438.39,1838.22,918.9
2009-07-10,8146.52,1756.03,879.13
2009-07-17,8743.94,1886.61,940.38
2009-07-24,9093.24,1965.96,979.26
2009-07-31,9171.61,1978.5,987.48
2009-08-07,9370.07,2000.25,1010.48
2009-08-14,9321.4,1985.52,1004.09
2009-08-21,9505.96,2020.9,1026.13
2009-08-28,9544.2,2028.77,1028.93
2009-09-04,9441.27,2018.78,1016.4
2009-09-11,9605.41,2080.9,1042.73
2009-09-18,9820.2,2132.86,1068.3
2009-09-25,9665.19,2090.92,1044.38
2009-10-02,9487.67,2048.11,1025.21
2009-10-09,9864.94,2139.28,1071.49
2009-10-16,9995.91,2156.8,1087.68
2009-10-23,9972.18,2154.47,1079.6
2009-10-30,9712.73,2045.11,1036.18
2009-11-06,10023.42,2112.44,1069.3
2009-11-13,10270.47,2167.88,1093.48
2009-11-20,10318.16,2146.04,1091.38
2009-11-27,10309.92,2138.44,1091.49
2009-12-04,10388.9,2194.35,1105.98
2009-12-11,10471.5,2190.31,1106.41
2009-12-18,10328.89,2211.69,1102.47
2010-01-08,10618.19,2317.17,1144.98
2010-01-15,10609.65,2287.99,1136.03
2010-01-22,10172.98,2205.29,1091.76
2010-01-29,10067.33,2147.35,1073.87
2010-02-05,10012.23,2141.12,1066.18
2010-02-12,10099.14,2183.53,1075.51
2010-02-19,10402.35,2243.87,1109.17
2010-02-26,10325.26,2238.26,1104.49
2010-03-05,10566.2,2326.35,1138.69
2010-03-12,10624.69,2367.66,1149.99
2010-03-19,10741.98,2374.41,1159.9
2010-03-26,10850.36,2395.13,1166.59
2010-04-09,10997.35,2454.05,1194.37
2010-04-16,11018.66,2481.26,1192.13
2010-04-23,11204.28,2530.15,1217.28
2010-04-30,11008.61,2461.19,1186.68
2010-05-07,10380.43,2265.64,1110.88
2010-05-14,10620.16,2346.85,1135.68
2010-05-21,10193.39,2229.04,1087.69
2010-05-28,10136.63,2257.04,1089.41
2010-06-04,9931.97,2219.17,1064.88
2010-06-11,10211.07,2243.6,1091.6
2010-06-18,10450.64,2309.8,1117.51
2010-06-25,10143.81,2223.48,1076.76
2010-07-02,9686.48,2091.79,1022.58
2010-07-09,10198.03,2196.45,1077.96
2010-07-16,10097.9,2179.05,1064.88
2010-07-23,10424.62,2269.47,1102.66
2010-07-30,10465.94,2254.7,1101.6
2010-08-06,10653.56,2288.47,1121.64
2010-08-13,10303.15,2173.48,1079.25
2010-08-20,10213.62,2179.76,1071.69
2010-08-27,10150.65,2153.63,1064.59
2010-09-03,10447.93,2233.75,1104.51
2010-09-10,10462.77,2242.48,1109.55
2010-09-17,10607.85,2315.61,1125.59
2010-09-24,10860.26,2381.22,1148.67
2010-10-01,10829.68,2370.75,1146.24
2010-10-08,11006.48,2401.91,1165.15
2010-10-15,11062.78,2468.77,1176.19
2010-10-22,11132.56,2479.39,1183.08
2010-10-29,11118.49,2507.41,1183.26
2010-11-05,11444.08,2578.98,1225.85
2010-11-12,11192.58,2518.21,1199.21
2010-11-19,11203.55,2518.12,1199.73
2010-11-26,11092.0,2534.56,1189.4
2010-12-03,11382.09,2591.46,1224.71
2010-12-10,11410.32,2637.54,1240.4
2010-12-17,11491.91,2642.97,1243.91
2010-12-23,11573.49,2665.6,1256.77
2010-12-31,11577.51,2652.87,1257.64
2011-01-07,11674.76,2703.17,1271.5
2011-01-14,11787.38,2755.3,1293.24
2011-01-21,11871.84,2689.54,1283.35
2011-01-28,11823.7,2686.89,1276.34
2011-02-04,12092.15,2769.3,1310.87
2011-02-11,12273.26,2809.44,1329.15
2011-02-18,12391.25,2833.95,1343.01
2011-02-25,12130.45,2781.05,1319.88
2011-03-04,12169.88,2784.67,1321.15
2011-03-11,12044.4,2715.61,1304.28
2011-03-18,11858.52,2643.67,1279.2
2011-03-25,12220.59,2743.06,1313.8
2011-04-01,12376.72,2789.6,1332.41
2011-04-08,12380.05,2780.41,1328.17
2011-04-15,12341.83,2764.65,1319.68
2011-04-21,12505.99,2820.16,1337.38
2011-04-29,12810.54,2873.54,1363.61
2011-05-06,12638.74,2827.56,1340.2
2011-05-13,12595.75,2828.47,1337.77
2011-05-20,12512.04,2803.32,1333.27
2011-05-27,12441.58,2796.86,1331.1
2011-06-03,12151.26,2732.78,1300.16
2011-06-10,11951.91,2643.73,1270.98
2011-06-17,12004.36,2616.48,1271.5
2011-06-24,11934.58,2652.89,1268.45
2011-07-01,12582.77,2816.03,1339.67
2011-07-08,12657.2,2859.81,1343.8
2011-07-15,12479.73,2789.8,1316.14
2011-07-22,12681.16,2858.83,1345.02
2011-07-29,12143.24,2756.38,1292.28
2011-08-05,11444.61,2532.41,1199.38
2011-08-12,11269.02,2507.98,1178.81
2011-08-19,10817.65,2341.84,1123.53
2011-08-26,11284.54,2479.85,1176.8
2011-09-02,11240.26,2480.33,1173.97
2011-09-09,10992.13,2467.99,1154.23
2011-09-16,11509.09,2622.31,1216.01
2011-09-23,10771.48,2483.23,1136.43
2011-09-30,10913.38,2415.4,1131.42
2011-10-07,11103.12,2479.35,1155.46
2011-10-14,11644.49,2667.85,1224.58
2011-10-21,11808.79,2637.46,1238.25
2011-10-28,12231.11,2737.15,1285.08
2011-11-04,11983.24,2686.15,1253.23
2011-11-11,12153.68,2678.75,1263.85
2011-11-18,11796.16,2572.5,1215.65
2011-11-25,11231.78,2441.51,1158.67
2011-12-02,12019.42,2626.93,1244.28
2011-12-09,12184.26,2646.85,1255.19
2011-12-16,11866.39,2555.33,1219.66
2011-12-23,12294.0,2618.64,1265.33
2011-12-30,12217.56,2605.15,1257.6
2012-01-06,12359.92,2674.22,1277.81
2012-01-13,12422.06,2710.67,1289.09
2012-01-20,12720.48,2786.7,1315.38
2012-01-27,12660.46,2816.55,1316.33
2012-02-03,12862.23,2905.66,1344.9
2012-02-10,12801.23,2903.88,1342.64
2012-02-17,12949.87,2951.78,1361.23
2012-02-24,12982.95,2963.75,1365.74
2012-03-02,12977.57,2976.19,1369.63
2012-03-09,12922.02,2988.34,1370.87
2012-03-16,13232.62,3055.26,1404.17
2012-03-23,13080.73,3067.92,1397.11
2012-03-30,13212.04,3091.57,1408.47
2012-04-05,13060.14,3080.5,1398.08
2012-04-13,12849.59,3011.33,1370.26
2012-04-20,13029.26,3000.45,1378.53
2012-04-27,13228.31,3069.2,1403.36
2012-05-04,13038.27,2956.34,1369.1
2012-05-11,12820.6,2933.82,1353.39
2012-05-18,12369.38,2778.79,1295.22
2012-05-25,12454.83,2837.53,1317.82
2012-06-01,12118.57,2747.48,1278.04
2012-06-08,12554.2,2858.42,1325.66
2012-06-15,12767.17,2872.8,1342.84
2012-06-22,12640.78,2892.42,1335.02
2012-06-29,12880.09,2935.05,1362.16
2012-07-06,12772.47,2937.33,1354.68
2012-07-13,12777.09,2908.47,1356.78
2012-07-20,12822.57,2925.3,1362.66
2012-07-27,13075.66,2958.09,1385.97
2012-08-03,13096.17,2967.9,1390.99
2012-08-10,13207.95,3020.86,1405.87
2012-08-17,13275.2,3076.59,1418.16
2012-08-24,13157.97,3069.79,1411.13
2012-08-31,13090.84,3066.96,1406.58
2012-09-07,13306.64,3136.42,1437.92
2012-09-14,13593.37,3183.95,1465.77
2012-09-21,13579.47,3179.96,1460.15
2012-09-28,13437.13,3116.23,1440.67
2012-10-05,13610.15,3136.19,1460.93
2012-10-12,13328.85,3044.11,1428.59
2012-10-19,13343.51,3005.62,1433.19
2012-10-26,13107.21,2987.95,1411.94
2012-11-02,13093.16,2982.13,1414.2
2012-11-09,12815.39,2904.87,1379.85
2012-11-16,12588.31,2853.13,1359.88
2012-11-23,13009.68,2966.85,1409.15
2012-11-30,13025.58,3010.24,1416.18
2012-12-07,13155.13,2978.04,1418.07
2012-12-14,13135.01,2971.33,1413.58
2012-12-21,13190.84,3021.01,1430.15
2012-12-28,12938.11,2960.31,1402.43
2013-01-04,13435.21,3101.66,1466.47
2013-01-11,13488.43,3125.63,1472.05
2013-01-18,13649.7,3134.71,1485.98
2013-01-25,13895.98,3149.71,1502.96
2013-02-01,14009.79,3179.1,1513.17
2013-02-08,13992.97,3193.87,1517.93
2013-02-15,13981.76,3192.03,1519.79
2013-02-22,14000.57,3161.82,1515.6
2013-03-01,14089.66,3169.74,1518.2
2013-03-08,14397.07,3244.37,1551.18
2013-03-15,14514.11,3249.07,1560.7
2013-03-22,14512.03,3245.0,1556.89
2013-03-28,14578.54,3267.52,1569.19
2013-04-05,14565.25,3203.86,1553.28
2013-04-12,14865.06,3294.95,1588.85
2013-04-19,14547.51,3206.06,1555.25
2013-04-26,14712.55,3279.26,1582.24
2013-05-03,14973.96,3378.63,1614.42
2013-05-10,15118.49,3436.58,1633.7
2013-05-17,15354.4,3498.97,1667.47
2013-05-24,15303.1,3459.14,1649.6
2013-05-31,15115.57,3455.91,1630.74
2013-06-07,15248.12,3469.22,1643.38
2013-06-14,15070.18,3423.56,1626.73
2013-06-21,14799.4,3357.25,1592.43
2013-06-28,14909.6,3403.25,1606.28
2013-07-05,15135.84,3479.38,1631.89
2013-07-12,15464.3,3600.08,1680.19
2013-07-19,15543.74,3587.61,1692.09
2013-07-26,15558.83,3613.16,1691.65
2013-08-02,15658.36,3689.59,1709.67
2013-08-09,15425.51,3660.11,1691.42
2013-08-16,15081.47,3602.78,1655.83
2013-08-23,15010.51,3657.79,1663.5
2013-08-30,14810.31,3589.87,1632.97
2013-09-06,14922.5,3660.01,1655.17
2013-09-13,15376.06,3722.18,1687.99
2013-09-20,15451.09,3774.73,1709.91
2013-09-27,15258.24,3781.59,1691.75
2013-10-04,15072.58,3807.75,1690.5
2013-10-11,15237.11,3791.87,1703.2
2013-10-18,15399.65,3914.28,1744.5
2013-10-25,15570.28,3943.36,1759.77
2013-11-01,15615.55,3922.04,1761.64
2013-11-08,15761.78,3919.23,1770.61
2013-11-15,15961.7,3985.97,1798.18
2013-11-22,16064.77,3991.65,1804.76
2013-11-29,16086.41,4059.89,1805.81
2013-12-06,16020.2,4062.52,1805.09
2013-12-13,15755.36,4000.98,1775.32
2013-12-20,16221.14,4104.74,1818.32
2013-12-27,16478.41,4156.59,1841.4
2014-01-03,16469.99,4131.91,1831.37
2014-01-10,16437.05,4174.66,1842.37
2014-01-17,16458.56,4197.58,1838.7
2014-01-24,15879.11,4128.17,1790.29
2014-01-31,15698.85,4103.88,1782.59
2014-02-07,15794.08,4125.86,1797.02
2014-02-14,16154.39,4244.03,1838.63
2014-02-21,16103.3,4263.41,1836.25
2014-02-28,16321.71,4308.12,1859.45
2014-03-07,16452.72,4336.22,1878.04
2014-03-14,16065.67,4245.4,1841.13
2014-03-21,16302.77,4276.79,1866.52
2014-03-28,16323.06,4155.76,1857.62
2014-04-04,16412.71,4127.73,1865.09
2014-04-11,16026.75,3999.73,1815.69
2014-04-17,16408.54,4095.52,1864.85
2014-04-25,16361.46,4075.56,1863.4
2014-05-02,16512.89,4123.9,1881.14
2014-05-09,16583.34,4071.87,1878.48
2014-05-16,16491.31,4090.59,1877.86
2014-05-23,16606.27,4185.81,1900.53
2014-05-30,16717.17,4242.62,1923.57
2014-06-06,16924.28,4321.4,1949.44
2014-06-13,16775.74,4310.65,1936.16
2014-06-20,16947.08,4368.04,1962.87
2014-06-27,16851.84,4397.93,1960.96
2014-07-03,17068.26,4485.93,1985.44
2014-07-11,16943.81,4415.49,1967.57
2014-07-18,17100.18,4432.15,1978.22
2014-07-25,16960.57,4449.56,1978.34
2014-08-01,16493.37,4352.64,1925.15
2014-08-08,16553.93,4370.9,1931.59
2014-08-15,16662.91,4464.93,1955.06
2014-08-22,17001.22,4538.55,1988.4
2014-08-29,17098.45,4580.27,2003.37
2014-09-05,17137.36,4582.9,2007.71
2014-09-12,16987.51,4567.6,1985.54
2014-09-19,17279.74,4579.79,2010.4
2014-09-26,17113.15,4512.19,1982.85
2014-10-03,17009.69,4475.62,1967.9
2014-10-10,16544.1,4276.24,1906.13
2014-10-17,16380.41,4258.44,1886.76
2014-10-24,16805.41,4483.72,1964.58
2014-10-31,17390.52,4630.74,2018.05
2014-11-07,17573.93,4632.53,2031.92
2014-11-14,17634.74,4688.54,2039.82
2014-11-21,17810.06,4712.97,2063.5
2014-11-28,17828.24,4791.63,2067.56
2014-12-05,17958.79,4780.76,2075.37
2014-12-12,17280.83,4653.6,2002.33
2014-12-19,17804.8,4765.38,2070.65
2014-12-26,18053.71,4806.86,2088.77
2015-01-02,17832.99,4726.81,2058.2
2015-01-09,17737.37,4704.07,2044.81
2015-01-16,17511.57,4634.38,2019.42
2015-01-23,17672.6,4757.88,2051.82
2015-01-30,17164.95,4635.24,1994.99
2015-02-06,17824.29,4744.4,2055.47
2015-02-13,18019.35,4893.84,2096.99
2015-02-20,18140.44,4955.97,2110.3
2015-02-27,18132.7,4963.53,2104.5
2015-03-06,17856.78,4927.37,2071.26
2015-03-13,17749.31,4871.76,2053.4
2015-03-20,18127.65,5026.42,2108.1
2015-03-27,17712.66,4891.22,2061.02
2015-04-02,17763.24,4886.94,2066.96
2015-04-10,18057.65,4995.98,2102.06
2015-04-17,17826.3,4931.81,2081.18
2015-04-24,18080.14,5092.08,2117.69
2015-05-01,18024.06,5005.39,2108.29
2015-05-08,18191.11,5003.55,2116.1
2015-05-15,18272.56,5048.29,2122.73
2015-05-22,18232.02,5089.36,2126.06
2015-05-29,18010.68,5070.03,2107.39
2015-06-05,17849.46,5068.46,2092.83
2015-06-12,17898.84,5051.1,2094.11
2015-06-19,18015.95,5117.0,2109.99
2015-06-26,17946.68,5080.51,2101.49
2015-07-02,17730.11,5009.21,2076.78
2015-07-10,17760.41,4997.7,2076.62
2015-07-17,18086.45,5210.14,2126.64
2015-07-24,17568.53,5088.63,2079.65
2015-07-31,17689.86,5128.28,2103.84
2015-08-07,17373.38,5043.54,2077.57
2015-08-14,17477.4,5048.24,2091.54
2015-08-21,16459.75,4706.04,1970.89
2015-08-28,16643.01,4828.32,1988.87
2015-09-04,16102.38,4683.92,1921.22
2015-09-11,16433.09,4822.34,1961.05
2015-09-18,16384.79,4827.23,1958.08
2015-09-25,16314.67,4686.5,1931.34
2015-10-02,16472.37,4707.78,1951.36
2015-10-09,17084.49,4830.47,2014.89
2015-10-16,17215.97,4886.69,2033.11
2015-10-23,17646.7,5031.86,2075.15
2015-10-30,17663.54,5053.75,2079.36
2015-11-06,17910.33,5147.12,2099.2
2015-11-13,17245.24,4927.88,2023.04
2015-11-20,17823.81,5104.92,2089.17
2015-11-27,17798.49,5127.52,2090.11
2015-12-04,17847.63,5142.27,2091.69
2015-12-11,17265.21,4933.47,2012.37
2015-12-18,17128.55,4923.08,2005.55
2015-12-24,17552.17,5048.49,2060.99
2015-12-31,17425.03,5007.41,2043.94
2016-01-08,16346.45,4643.63,1922.03
2016-01-15,15988.08,4488.42,1880.29
2016-01-22,16093.51,4591.18,1906.9
2016-01-29,16466.3,4613.95,1940.24
2016-02-05,16204.83,4363.14,1880.02
2016-02-12,15973.84,4337.51,1864.78
2016-02-19,16391.99,4504.43,1917.78
2016-02-26,16639.97,4590.47,1948.05
2016-03-04,17006.77,4717.02,1999.99
2016-03-11,17213.31,4748.47,2022.19
2016-03-18,17602.3,4795.65,2049.56
2016-03-24,17515.73,4773.5,2035.94
2016-04-01,17792.75,4914.54,2072.78
2016-04-08,17576.96,4850.69,2047.6
2016-04-15,17897.46,4938.22,2080.73
2016-04-22,18003.75,4906.23,2091.58
2016-04-29,17773.64,4775.36,2065.3
2016-05-06,17740.63,4736.16,2057.14
2016-05-13,17535.32,4717.68,2046.61
2016-05-20,17500.94,4769.56,2052.32
2016-05-27,17873.22,4933.5,2099.06
2016-06-03,17807.06,4942.52,2099.13
2016-06-10,17865.34,4894.55,2096.07
2016-06-17,17675.16,4800.34,2071.22
2016-06-24,17400.75,4707.98,2037.41
2016-07-01,17949.37,4862.57,2102.95
2016-07-08,18146.74,4956.76,2129.9
2016-07-15,18516.55,5029.59,2161.74
2016-07-22,18570.85,5100.16,2175.03
2016-07-29,18432.24,5162.13,2173.6
2016-08-05,18543.53,5221.12,2182.87
2016-08-12,18576.47,5232.89,2184.05
2016-08-19,18552.57,5238.38,2183.87
2016-08-26,18395.4,5218.92,2169.04
2016-09-02,18491.96,5249.9,2179.98
2016-09-09,18085.45,5125.91,2127.81
2016-09-16,18123.8,5244.57,2139.16
2016-09-23,18261.45,5305.75,2164.69
2016-09-30,18308.15,5312.0,2168.27
2016-10-07,18240.49,5292.4,2153.74
2016-10-14,18138.38,5214.16,2132.98
2016-10-21,18145.71,5257.4,2141.16
2016-10-28,18161.19,5190.1,2126.41
2016-11-04,17888.28,5046.37,2085.18
2016-11-11,18847.66,5237.11,2164.45
2016-11-18,18867.93,5321.51,2181.9
2016-11-25,19152.14,5398.92,2213.35
2016-12-02,19170.42,5255.65,2191.95
2016-12-09,19756.85,5444.5,2259.53
2016-12-16,19843.41,5437.16,2258.07
2016-12-23,19933.81,5462.69,2263.79
2016-12-30,19762.6,5383.12,2238.83
2017-01-06,19963.8,5521.06,2276.98
2017-01-13,19885.73,5574.12,2274.64
2017-01-20,19827.25,5555.33,2271.31
2017-01-27,20093.78,5660.78,2294.69
2017-02-03,20071.46,5666.77,2297.42
2017-02-10,20269.37,5734.13,2316.1
2017-02-17,20624.05,5838.58,2351.16
2017-02-24,20821.76,5845.31,2367.34
2017-03-03,21005.71,5870.75,2383.12
2017-03-10,20902.98,5861.73,2372.6
2017-03-17,20914.62,5901.0,2378.25
2017-03-24,20596.72,5828.74,2343.98
2017-03-31,20663.22,5911.74,2362.72
2017-04-07,20656.1,5877.81,2355.54
2017-04-13,20453.25,5805.15,2328.95
2017-04-21,20547.76,5910.52,2348.69
2017-04-28,20940.51,6047.61,2384.2
2017-05-05,21006.94,6100.76,2399.29
2017-05-12,20896.61,6121.23,2390.9
2017-05-19,20804.84,6083.7,2381.73
2017-05-26,21080.28,6210.19,2415.82
2017-06-02,21206.29,6305.8,2439.07
2017-06-09,21271.97,6207.92,2431.77
2017-06-16,21384.28,6151.76,2433.15
2017-06-23,21394.76,6265.25,2438.3
2017-06-30,21349.63,6140.42,2423.41
2017-07-07,21414.34,6153.08,2425.18
2017-07-14,21637.74,6312.47,2459.27
2017-07-21,21580.07,6387.75,2472.54
2017-07-28,21830.31,6374.68,2472.1
2017-08-04,22092.81,6351.56,2476.83
2017-08-11,21858.32,6256.56,2441.32
2017-08-18,21674.51,6216.53,2425.55
2017-08-25,21813.67,6265.64,2443.05
2017-08-29,21865.37,6301.8857,2446.3
