Date,Value
1977-09-02,97.45
1977-09-09,96.37
1977-09-16,96.48
1977-09-23,95.04
1977-09-30,96.53
1977-10-07,95.97
1977-10-14,93.56
1977-10-21,92.32
1977-10-28,92.61
1977-11-04,91.58
1977-11-11,95.98
1977-11-18,95.33
1977-11-25,96.69
1977-12-02,94.67
1977-12-09,93.65
1977-12-16,93.4
1977-12-23,94.69
1977-12-30,95.1
1978-01-06,91.62
1978-01-13,89.69
1978-01-20,89.89
1978-01-27,88.58
1978-02-03,89.62
1978-02-10,90.08
1978-02-17,87.96
1978-02-24,88.49
1978-03-03,87.45
1978-03-10,88.88
1978-03-17,90.2
1978-03-23,89.36
1978-03-31,89.21
1978-04-07,90.17
1978-04-14,92.92
1978-04-21,94.34
1978-04-28,96.83
1978-05-05,96.53
1978-05-12,98.07
1978-05-19,98.12
1978-05-26,96.58
1978-06-02,98.14
1978-06-09,99.93
1978-06-16,97.42
1978-06-23,95.85
1978-06-30,95.53
1978-07-07,94.89
1978-07-14,97.58
1978-07-21,97.75
1978-07-28,100
1978-08-04,103.92
1978-08-11,103.96
1978-08-18,104.73
1978-08-25,104.9
1978-09-01,103.68
1978-09-08,106.79
1978-09-15,104.12
1978-09-22,101.84
1978-09-29,102.54
1978-10-06,103.52
1978-10-13,104.66
1978-10-20,97.95
1978-10-27,94.59
1978-11-03,96.18
1978-11-10,94.77
1978-11-17,94.42
1978-11-24,95.79
1978-12-01,96.28
1978-12-08,96.63
1978-12-15,95.33
1978-12-22,96.31
1978-12-29,96.11
1979-01-05,99.13
1979-01-12,99.93
1979-01-19,99.75
1979-01-26,101.86
1979-02-02,99.5
1979-02-09,97.87
1979-02-16,98.67
1979-02-23,97.78
1979-03-02,96.97
1979-03-09,99.54
1979-03-16,100.69
1979-03-23,101.6
1979-03-30,101.59
1979-04-06,103.18
1979-04-12,102
1979-04-20,101.23
1979-04-27,101.8
1979-05-04,100.69
1979-05-11,98.52
1979-05-18,99.93
1979-05-25,100.22
1979-06-01,99.17
1979-06-08,101.49
1979-06-15,102.09
1979-06-22,102.64
1979-06-29,102.91
1979-07-06,103.62
1979-07-13,102.32
1979-07-20,101.82
1979-07-27,103.1
1979-08-03,104.04
1979-08-10,106.4
1979-08-17,108.3
1979-08-24,108.6
1979-08-31,109.32
1979-09-07,107.66
1979-09-14,108.76
1979-09-21,110.47
1979-09-28,109.32
1979-10-05,111.27
1979-10-12,104.49
1979-10-19,101.6
1979-10-26,100.57
1979-11-02,102.51
1979-11-09,101.51
1979-11-16,103.79
1979-11-23,104.67
1979-11-30,106.16
1979-12-07,107.52
1979-12-14,108.92
1979-12-21,107.59
1979-12-28,107.84
1980-01-04,106.52
1980-01-11,109.92
1980-01-18,111.07
1980-01-25,113.61
1980-02-01,115.12
1980-02-08,117.95
1980-02-15,115.41
1980-02-22,115.04
1980-02-29,113.66
1980-03-07,106.9
1980-03-14,105.43
1980-03-21,102.31
1980-03-28,100.68
1980-04-03,102.15
1980-04-11,103.79
1980-04-18,100.55
1980-04-25,105.16
1980-05-02,105.58
1980-05-09,104.72
1980-05-16,107.35
1980-05-23,110.62
1980-05-30,111.24
1980-06-06,113.2
1980-06-13,115.81
1980-06-20,114.06
1980-06-27,116
1980-07-03,117.46
1980-07-11,117.84
1980-07-18,122.04
1980-07-25,120.78
1980-08-01,121.21
1980-08-08,123.61
1980-08-15,125.72
1980-08-22,126.02
1980-08-29,122.38
1980-09-05,124.88
1980-09-12,125.54
1980-09-19,129.25
1980-09-26,126.35
1980-10-03,129.33
1980-10-10,130.29
1980-10-17,131.52
1980-10-24,129.85
1980-10-31,127.47
1980-11-07,129.18
1980-11-14,137.15
1980-11-21,139.11
1980-11-28,140.52
1980-12-05,134.03
1980-12-12,129.23
1980-12-19,133.7
1980-12-26,136.57
1981-01-02,136.34
1981-01-09,133.48
1981-01-16,134.77
1981-01-23,130.23
1981-01-30,129.55
1981-02-06,130.6
1981-02-13,126.98
1981-02-20,126.58
1981-02-27,131.27
1981-03-06,129.85
1981-03-13,133.11
1981-03-20,134.08
1981-03-27,134.65
1981-04-03,135.49
1981-04-10,134.51
1981-04-16,134.7
1981-04-24,135.14
1981-05-01,132.72
1981-05-08,131.66
1981-05-15,132.17
1981-05-22,131.33
1981-05-29,132.59
1981-06-05,132.22
1981-06-12,133.49
1981-06-19,132.27
1981-06-26,132.56
1981-07-02,128.64
1981-07-10,129.37
1981-07-17,130.76
1981-07-24,128.46
1981-07-31,130.92
1981-08-07,131.75
1981-08-14,132.49
1981-08-21,129.23
1981-08-28,124.08
1981-09-04,120.07
1981-09-11,121.61
1981-09-18,116.26
1981-09-25,112.77
1981-10-02,119.36
1981-10-09,121.45
1981-10-16,119.19
1981-10-23,118.6
1981-10-30,121.89
1981-11-06,122.67
1981-11-13,121.67
1981-11-20,121.71
1981-11-27,125.09
1981-12-04,126.26
1981-12-11,124.93
1981-12-18,124
1981-12-24,122.54
1981-12-31,122.55
1982-01-08,119.55
1982-01-15,116.33
1982-01-22,115.38
1982-01-29,120.4
1982-02-05,117.26
1982-02-12,114.38
1982-02-19,113.22
1982-02-26,113.11
1982-03-05,109.34
1982-03-12,108.61
1982-03-19,110.61
1982-03-26,111.94
1982-04-02,115.12
1982-04-08,116.22
1982-04-16,116.81
1982-04-23,118.64
1982-04-30,116.44
1982-05-07,119.47
1982-05-14,118.01
1982-05-21,114.89
1982-05-28,111.88
1982-06-04,110.09
1982-06-11,111.24
1982-06-18,107.28
1982-06-25,109.14
1982-07-02,107.65
1982-07-09,108.83
1982-07-16,111.07
1982-07-23,111.17
1982-07-30,107.09
1982-08-06,103.71
1982-08-13,103.85
1982-08-20,113.02
1982-08-27,117.11
1982-09-03,122.68
1982-09-10,120.97
1982-09-17,122.55
1982-09-24,123.32
1982-10-01,121.97
1982-10-08,131.05
1982-10-15,133.57
1982-10-22,138.83
1982-10-29,133.72
1982-11-05,142.16
1982-11-12,139.53
1982-11-19,137.02
1982-11-26,134.88
1982-12-03,138.69
1982-12-10,139.57
1982-12-17,137.49
1982-12-23,139.72
1982-12-31,140.64
1983-01-07,145.18
1983-01-14,146.65
1983-01-21,143.85
1983-01-28,144.51
1983-02-04,146.14
1983-02-11,147.65
1983-02-18,148
1983-02-25,149.74
1983-03-04,153.67
1983-03-11,151.24
1983-03-18,149.9
1983-03-25,152.67
1983-03-31,152.96
1983-04-08,152.85
1983-04-15,158.75
1983-04-22,160.42
1983-04-29,164.43
1983-05-06,166.1
1983-05-13,164.91
1983-05-20,162.14
1983-05-27,164.46
1983-06-03,164.42
1983-06-10,162.68
1983-06-17,169.13
1983-06-24,170.41
1983-07-01,168.64
1983-07-08,167.08
1983-07-15,164.29
1983-07-22,168.89
1983-07-29,162.56
1983-08-05,161.74
1983-08-12,162.16
1983-08-19,163.98
1983-08-26,162.14
1983-09-02,165
1983-09-09,166.92
1983-09-16,166.25
1983-09-23,169.51
1983-09-30,166.07
1983-10-07,170.8
1983-10-14,169.86
1983-10-21,165.95
1983-10-28,163.37
1983-11-04,162.44
1983-11-11,166.29
1983-11-18,165.09
1983-11-25,167.18
1983-12-02,165.44
1983-12-09,165.08
1983-12-16,162.39
1983-12-23,163.22
1983-12-30,164.93
1984-01-06,169.28
1984-01-13,167.02
1984-01-20,166.21
1984-01-27,163.94
1984-02-03,160.91
1984-02-10,156.3
1984-02-17,155.74
1984-02-24,157.51
1984-03-02,159.24
1984-03-09,154.35
1984-03-16,159.27
1984-03-23,156.86
1984-03-30,159.18
1984-04-06,155.48
1984-04-13,157.31
1984-04-19,158.02
1984-04-27,159.89
1984-05-04,159.11
1984-05-11,158.49
1984-05-18,155.78
1984-05-25,151.62
1984-06-01,153.24
1984-06-08,155.17
1984-06-15,149.03
1984-06-22,154.46
1984-06-29,153.18
1984-07-06,152.24
1984-07-13,150.88
1984-07-20,149.55
1984-07-27,151.19
1984-08-03,162.35
1984-08-10,165.42
1984-08-17,164.14
1984-08-24,167.51
1984-08-31,166.68
1984-09-07,164.37
1984-09-14,168.78
1984-09-21,165.67
1984-09-28,166.1
1984-10-05,162.68
1984-10-12,164.18
1984-10-19,167.96
1984-10-26,165.29
1984-11-02,167.42
1984-11-09,167.6
1984-11-16,164.1
1984-11-23,166.92
1984-11-30,163.58
1984-12-07,162.26
1984-12-14,162.69
1984-12-21,165.51
1984-12-28,166.26
1985-01-04,163.68
1985-01-11,167.91
1985-01-18,171.32
1985-01-25,177.35
1985-02-01,178.63
1985-02-08,182.19
1985-02-15,181.6
1985-02-22,179.36
1985-03-01,183.23
1985-03-08,179.1
1985-03-15,176.53
1985-03-22,179.04
1985-03-29,180.66
1985-04-04,179.03
1985-04-12,180.54
1985-04-19,181.11
1985-04-26,182.18
1985-05-03,180.08
1985-05-10,184.28
1985-05-17,187.42
1985-05-24,188.29
1985-05-31,189.55
1985-06-07,189.68
1985-06-14,187.1
1985-06-21,189.61
1985-06-28,191.85
1985-07-05,192.52
1985-07-12,193.29
1985-07-19,195.13
1985-07-26,192.4
1985-08-02,191.48
1985-08-09,188.32
1985-08-16,186.1
1985-08-23,187.17
1985-08-30,188.63
1985-09-06,188.24
1985-09-13,182.91
1985-09-20,182.05
1985-09-26,181.29
1985-10-04,183.22
1985-10-11,184.28
1985-10-18,187.04
1985-10-25,187.52
1985-11-01,191.53
1985-11-08,193.72
1985-11-15,198.11
1985-11-22,201.52
1985-11-29,202.17
1985-12-06,202.99
1985-12-13,209.94
1985-12-20,210.94
1985-12-27,209.61
1986-01-03,210.88
1986-01-10,205.96
1986-01-17,208.43
1986-01-24,206.43
1986-01-31,211.78
1986-02-07,214.56
1986-02-14,219.76
1986-02-21,224.62
1986-02-28,226.92
1986-03-07,225.57
1986-03-14,236.55
1986-03-21,233.34
1986-03-27,238.97
1986-04-04,228.69
1986-04-11,235.97
1986-04-18,242.38
1986-04-25,242.29
1986-05-02,234.79
1986-05-09,237.85
1986-05-16,232.76
1986-05-23,241.35
1986-05-30,247.35
1986-06-06,245.67
1986-06-13,245.73
1986-06-20,247.58
1986-06-27,249.6
1986-07-03,251.79
1986-07-11,242.22
1986-07-18,236.36
1986-07-25,240.22
1986-08-01,234.91
1986-08-08,236.88
1986-08-15,247.15
1986-08-22,250.19
1986-08-29,252.93
1986-09-05,250.47
1986-09-12,230.67
1986-09-19,232.21
1986-09-26,232.23
1986-10-03,233.71
1986-10-10,235.48
1986-10-17,238.84
1986-10-24,238.26
1986-10-31,243.98
1986-11-07,245.77
1986-11-14,244.5
1986-11-21,245.86
1986-11-28,249.22
1986-12-05,251.17
1986-12-12,247.35
1986-12-19,249.73
1986-12-26,246.92
1987-01-02,246.45
1987-01-09,258.73
1987-01-16,266.28
1987-01-23,270.1
1987-01-30,274.08
1987-02-06,280.04
1987-02-13,279.7
1987-02-20,285.48
1987-02-27,284.2
1987-03-06,290.66
1987-03-13,289.89
1987-03-20,298.17
1987-03-27,296.13
1987-04-03,300.41
1987-04-10,292.49
1987-04-16,286.91
1987-04-24,281.52
1987-05-01,288.03
1987-05-08,293.37
1987-05-15,287.43
1987-05-22,282.16
1987-05-29,290.1
1987-06-05,293.45
1987-06-12,301.62
1987-06-19,306.97
1987-06-26,307.16
1987-07-02,305.63
1987-07-10,308.37
1987-07-17,314.59
1987-07-24,309.27
1987-07-31,318.66
1987-08-07,323
1987-08-14,333.99
1987-08-21,335.9
1987-08-28,327.04
1987-09-04,316.7
1987-09-11,321.98
1987-09-18,314.86
1987-09-25,320.16
1987-10-02,328.07
1987-10-09,311.07
1987-10-16,282.7
1987-10-23,248.22
1987-10-30,251.79
1987-11-06,250.41
1987-11-13,245.64
1987-11-20,242
1987-11-27,240.34
1987-12-04,223.92
1987-12-11,235.32
1987-12-18,249.16
1987-12-24,252.03
1987-12-31,247.08
1988-01-08,243.4
1988-01-15,252.05
1988-01-22,246.5
1988-01-29,257.07
1988-02-05,250.96
1988-02-12,257.63
1988-02-19,261.61
1988-02-26,262.46
1988-03-04,267.3
1988-03-11,264.94
1988-03-18,271.12
1988-03-25,258.51
1988-03-31,258.89
1988-04-08,269.43
1988-04-15,259.77
1988-04-22,260.14
1988-04-29,261.33
1988-05-06,257.48
1988-05-13,256.78
1988-05-20,253.02
1988-05-27,253.42
1988-06-03,266.45
1988-06-10,271.26
1988-06-17,270.68
1988-06-24,273.78
1988-07-01,271.78
1988-07-08,270.02
1988-07-15,272.05
1988-07-22,263.5
1988-07-29,272.02
1988-08-05,271.15
1988-08-12,262.55
1988-08-19,260.24
1988-08-26,259.68
1988-09-02,264.48
1988-09-09,266.84
1988-09-16,270.65
1988-09-23,269.76
1988-09-30,271.91
1988-10-07,278.07
1988-10-14,275.5
1988-10-21,283.66
1988-10-28,278.53
1988-11-04,276.31
1988-11-11,267.92
1988-11-18,266.47
1988-11-25,267.23
1988-12-02,271.81
1988-12-09,277.03
1988-12-16,276.29
1988-12-23,277.87
1988-12-30,277.72
1989-01-06,280.67
1989-01-13,283.87
1989-01-20,286.63
1989-01-27,293.82
1989-02-03,296.97
1989-02-10,292.02
1989-02-17,296.76
1989-02-24,287.13
1989-03-03,291.18
1989-03-10,292.88
1989-03-17,292.69
1989-03-23,288.98
1989-03-31,294.87
1989-04-07,297.16
1989-04-14,301.36
1989-04-21,309.61
1989-04-28,309.64
1989-05-05,307.61
1989-05-12,313.84
1989-05-19,321.24
1989-05-26,321.59
1989-06-02,325.52
1989-06-09,326.69
1989-06-16,321.35
1989-06-23,328
1989-06-30,317.98
1989-07-07,324.91
1989-07-14,331.84
1989-07-21,335.9
1989-07-28,342.15
1989-08-04,343.92
1989-08-11,344.74
1989-08-18,346.03
1989-08-25,350.52
1989-09-01,353.73
1989-09-08,348.76
1989-09-15,345.06
1989-09-22,347.05
1989-09-29,349.15
1989-10-06,358.78
1989-10-13,333.65
1989-10-20,347.16
1989-10-27,335.06
1989-11-03,337.62
1989-11-10,339.1
1989-11-17,341.61
1989-11-24,343.97
1989-12-01,350.63
1989-12-08,348.69
1989-12-15,350.14
1989-12-22,347.42
1989-12-29,353.4
1990-01-05,352.2
1990-01-12,339.93
1990-01-19,339.15
1990-01-26,325.8
1990-02-02,330.92
1990-02-09,333.62
1990-02-16,332.72
1990-02-23,324.15
1990-03-02,335.54
1990-03-09,337.93
1990-03-16,341.91
1990-03-23,337.22
1990-03-30,339.94
1990-04-06,340.08
1990-04-12,344.34
1990-04-20,335.12
1990-04-27,329.11
1990-05-04,338.39
1990-05-11,352
1990-05-18,354.64
1990-05-25,354.58
1990-06-01,363.16
1990-06-08,358.71
1990-06-15,362.91
1990-06-22,355.43
1990-06-29,358.02
1990-07-06,358.42
1990-07-13,367.31
1990-07-20,361.61
1990-07-27,353.44
1990-08-03,344.86
1990-08-10,335.52
1990-08-17,327.83
1990-08-24,311.51
1990-08-31,322.56
1990-09-07,323.4
1990-09-14,316.83
1990-09-21,311.32
1990-09-28,306.05
1990-10-05,311.5
1990-10-12,300.03
1990-10-19,312.48
1990-10-26,304.71
1990-11-02,311.85
1990-11-09,313.74
1990-11-16,317.12
1990-11-23,315.1
1990-11-30,322.22
1990-12-07,327.75
1990-12-14,326.82
1990-12-21,331.75
1990-12-28,328.72
1991-01-04,321
1991-01-11,315.23
1991-01-18,332.23
1991-01-25,336.07
1991-02-01,343.05
1991-02-08,359.35
1991-02-15,369.06
1991-02-22,365.65
1991-03-01,370.47
1991-03-08,374.95
1991-03-15,373.59
1991-03-22,367.48
1991-03-28,375.22
1991-04-05,375.36
1991-04-12,380.4
1991-04-19,384.2
1991-04-26,379.02
1991-05-03,380.8
1991-05-10,375.74
1991-05-17,372.39
1991-05-24,377.49
1991-05-31,389.83
1991-06-07,379.43
1991-06-14,382.29
1991-06-21,377.75
1991-06-28,371.16
1991-07-05,374.08
1991-07-12,380.25
1991-07-19,384.22
1991-07-26,380.93
1991-08-02,387.18
1991-08-09,387.12
1991-08-16,385.58
1991-08-23,394.17
1991-08-30,395.43
1991-09-06,389.1
1991-09-13,383.59
1991-09-20,387.92
1991-09-27,385.9
1991-10-04,381.25
1991-10-11,381.45
1991-10-18,392.5
1991-10-25,384.2
1991-11-01,391.32
1991-11-08,392.89
1991-11-15,382.62
1991-11-22,376.14
1991-11-29,375.22
1991-12-06,379.1
1991-12-13,384.47
1991-12-20,387.04
1991-12-27,406.46
1992-01-03,419.34
1992-01-10,415.1
1992-01-17,418.86
1992-01-24,415.48
1992-01-31,408.78
1992-02-07,411.09
1992-02-14,412.48
1992-02-21,411.43
1992-02-28,412.7
1992-03-06,404.44
1992-03-13,405.84
1992-03-20,411.3
1992-03-27,403.5
1992-04-03,401.55
1992-04-10,404.29
1992-04-16,416.04
1992-04-24,409.02
1992-05-01,412.53
1992-05-08,416.05
1992-05-15,410.09
1992-05-22,414.02
1992-05-29,415.35
1992-06-05,413.48
1992-06-12,409.76
1992-06-19,403.67
1992-06-26,403.45
1992-07-02,411.77
1992-07-10,414.62
1992-07-17,415.62
1992-07-24,411.6
1992-07-31,424.21
1992-08-07,418.88
1992-08-14,419.91
1992-08-21,414.85
1992-08-28,414.84
1992-09-04,417.08
1992-09-11,419.58
1992-09-18,422.93
1992-09-25,414.35
1992-10-02,410.47
1992-10-09,402.66
1992-10-16,411.73
1992-10-23,414.1
1992-10-30,418.68
1992-11-06,417.58
1992-11-13,422.43
1992-11-20,426.65
1992-11-27,430.16
1992-12-04,432.06
1992-12-11,433.73
1992-12-18,441.28
1992-12-24,439.77
1992-12-31,435.71
1993-01-08,429.05
1993-01-15,437.15
1993-01-22,436.11
1993-01-29,438.78
1993-02-05,448.93
1993-02-12,444.58
1993-02-19,434.22
1993-02-26,443.38
1993-03-05,446.11
1993-03-12,449.83
1993-03-19,450.18
1993-03-26,447.78
1993-04-02,441.39
1993-04-08,441.84
1993-04-16,448.94
1993-04-23,437.03
1993-04-30,440.19
1993-05-07,442.31
1993-05-14,439.56
1993-05-21,445.84
1993-05-28,450.19
1993-06-04,450.06
1993-06-11,447.26
1993-06-18,443.68
1993-06-25,447.6
1993-07-02,445.84
1993-07-09,448.11
1993-07-16,445.75
1993-07-23,447.1
1993-07-30,448.13
1993-08-06,448.68
1993-08-13,450.14
1993-08-20,456.16
1993-08-27,460.54
1993-09-03,461.34
1993-09-10,461.72
1993-09-17,458.83
1993-09-24,457.63
1993-10-01,461.28
1993-10-08,460.31
1993-10-15,469.5
1993-10-22,463.27
1993-10-29,467.83
1993-11-05,459.57
1993-11-12,465.39
1993-11-19,462.6
1993-11-26,463.06
1993-12-03,464.89
1993-12-10,463.93
1993-12-17,466.38
1993-12-23,467.38
1993-12-31,466.45
1994-01-07,469.9
1994-01-14,474.91
1994-01-21,474.72
1994-01-28,478.7
1994-02-04,469.81
1994-02-11,470.18
1994-02-18,467.69
1994-02-25,466.07
1994-03-04,464.74
1994-03-11,466.44
1994-03-18,471.06
1994-03-25,460.58
1994-03-31,445.77
1994-04-08,447.1
1994-04-15,446.18
1994-04-22,447.63
1994-04-29,450.91
1994-05-06,447.82
1994-05-13,444.14
1994-05-20,454.92
1994-05-27,457.33
1994-06-03,460.13
1994-06-10,458.67
1994-06-17,458.45
1994-06-24,442.8
1994-07-01,446.2
1994-07-08,449.55
1994-07-15,454.16
1994-07-22,453.11
1994-07-29,458.26
1994-08-05,457.09
1994-08-12,461.94
1994-08-19,463.68
1994-08-26,473.8
1994-09-02,470.99
1994-09-09,468.18
1994-09-16,471.19
1994-09-23,459.67
1994-09-30,462.71
1994-10-07,455.1
1994-10-14,469.1
1994-10-21,464.89
1994-10-28,473.77
1994-11-04,462.28
1994-11-11,462.35
1994-11-18,461.47
1994-11-25,452.29
1994-12-02,453.3
1994-12-09,446.96
1994-12-16,458.8
1994-12-23,459.83
1994-12-30,459.27
1995-01-06,460.68
1995-01-13,465.97
1995-01-20,464.78
1995-01-27,470.39
1995-02-03,478.65
1995-02-10,481.46
1995-02-17,481.97
1995-02-24,488.11
1995-03-03,485.42
1995-03-10,489.57
1995-03-17,495.52
1995-03-24,500.97
1995-03-31,500.71
1995-04-07,506.42
1995-04-13,509.23
1995-04-21,508.49
1995-04-28,514.71
1995-05-05,520.12
1995-05-12,525.55
1995-05-19,519.19
1995-05-26,523.65
1995-06-02,532.51
1995-06-09,527.94
1995-06-16,539.83
1995-06-23,549.71
1995-06-30,544.75
1995-07-07,556.37
1995-07-14,559.89
1995-07-21,553.62
1995-07-28,562.93
1995-08-04,558.94
1995-08-11,555.11
1995-08-18,559.21
1995-08-25,560.1
1995-09-01,563.84
1995-09-08,572.68
1995-09-15,583.35
1995-09-22,581.73
1995-09-29,584.41
1995-10-06,582.49
1995-10-13,584.5
1995-10-20,587.46
1995-10-27,579.7
1995-11-03,590.57
1995-11-10,592.72
1995-11-17,600.07
1995-11-24,599.97
1995-12-01,606.98
1995-12-08,617.48
1995-12-15,616.34
1995-12-22,611.95
1995-12-29,615.93
1996-01-05,616.71
1996-01-12,601.81
1996-01-19,611.83
1996-01-26,621.62
1996-02-02,635.84
1996-02-09,656.37
1996-02-16,647.98
1996-02-23,659.08
1996-03-01,644.37
1996-03-08,633.5
1996-03-15,641.43
1996-03-22,650.62
1996-03-29,645.5
1996-04-04,655.86
1996-04-12,636.71
1996-04-19,645.07
1996-04-26,653.46
1996-05-03,641.63
1996-05-10,652.09
1996-05-17,668.91
1996-05-24,678.51
1996-05-31,669.12
1996-06-07,673.31
1996-06-14,665.85
1996-06-21,666.84
1996-06-28,670.63
1996-07-05,657.44
1996-07-12,646.19
1996-07-19,638.73
1996-07-26,635.9
1996-08-02,662.49
1996-08-09,662.1
1996-08-16,665.21
1996-08-23,667.03
1996-08-30,651.99
1996-09-06,655.68
1996-09-13,680.54
1996-09-20,687.03
1996-09-27,686.19
1996-10-04,701.46
1996-10-11,700.66
1996-10-18,710.82
1996-10-25,700.92
1996-11-01,703.77
1996-11-08,730.82
1996-11-15,737.62
1996-11-22,748.73
1996-11-29,757.02
1996-12-06,739.6
1996-12-13,728.64
1996-12-20,748.87
1996-12-27,756.79
1997-01-03,748.03
1997-01-10,759.5
1997-01-17,776.17
1997-01-24,770.52
1997-01-31,786.16
1997-02-07,789.56
1997-02-14,808.48
1997-02-21,801.77
1997-02-28,790.82
1997-03-07,804.97
1997-03-14,793.17
1997-03-21,784.1
1997-03-27,773.88
1997-04-04,757.9
1997-04-11,737.65
1997-04-18,766.34
1997-04-25,765.37
1997-05-02,812.97
1997-05-09,824.78
1997-05-16,829.75
1997-05-23,847.03
1997-05-30,848.28
1997-06-06,858.01
1997-06-13,893.27
1997-06-20,898.7
1997-06-27,887.3
1997-07-03,916.92
1997-07-11,916.68
1997-07-18,915.3
1997-07-25,938.79
1997-08-01,947.14
1997-08-08,933.54
1997-08-15,900.81
1997-08-22,923.54
1997-08-29,899.47
1997-09-05,929.05
1997-09-12,923.91
1997-09-19,950.51
1997-09-26,945.22
1997-10-03,965.03
1997-10-10,966.98
1997-10-17,944.16
1997-10-24,941.64
1997-10-31,914.62
1997-11-07,927.51
1997-11-14,928.35
1997-11-21,963.09
1997-11-28,955.4
1997-12-05,983.79
1997-12-12,953.39
1997-12-19,946.78
1997-12-26,936.46
1998-01-02,975.04
1998-01-09,927.69
1998-01-16,961.51
1998-01-23,957.59
1998-01-30,980.28
1998-02-06,1012.46
1998-02-13,1020.09
1998-02-20,1034.21
1998-02-27,1049.34
1998-03-06,1055.69
1998-03-13,1068.61
1998-03-20,1099.16
1998-03-27,1095.44
1998-04-03,1122.7
1998-04-09,1110.67
1998-04-17,1122.72
1998-04-24,1107.9
1998-05-01,1121
1998-05-08,1108.14
1998-05-15,1108.73
1998-05-22,1110.47
1998-05-29,1090.82
1998-06-05,1113.86
1998-06-12,1098.84
1998-06-19,1100.65
1998-06-26,1133.2
1998-07-02,1146.42
1998-07-10,1164.33
1998-07-17,1186.75
1998-07-24,1140.8
1998-07-31,1120.67
1998-08-07,1089.45
1998-08-14,1062.75
1998-08-21,1081.24
1998-08-28,1027.14
1998-09-04,973.89
1998-09-11,1009.06
1998-09-18,1020.09
1998-09-25,1044.75
1998-10-02,1002.6
1998-10-09,984.39
1998-10-16,1056.42
1998-10-23,1070.67
1998-10-30,1098.67
1998-11-06,1141.01
1998-11-13,1125.72
1998-11-20,1163.55
1998-11-27,1192.33
1998-12-04,1176.74
1998-12-11,1166.46
1998-12-18,1188.03
1998-12-24,1226.27
1998-12-31,1229.23
1999-01-08,1275.09
1999-01-15,1243.26
1999-01-22,1225.19
1999-01-29,1279.64
1999-02-05,1239.4
1999-02-12,1230.13
1999-02-19,1239.22
1999-02-26,1238.33
1999-03-05,1275.47
1999-03-12,1294.59
1999-03-19,1299.29
1999-03-26,1282.8
1999-04-01,1293.72
1999-04-09,1348.35
1999-04-16,1319
1999-04-23,1356.85
1999-04-30,1335.18
1999-05-07,1345
1999-05-14,1337.8
1999-05-21,1330.29
1999-05-28,1301.84
1999-06-04,1327.75
1999-06-11,1293.64
1999-06-18,1342.84
1999-06-25,1315.31
1999-07-02,1391.22
1999-07-09,1403.28
1999-07-16,1418.78
1999-07-23,1356.94
1999-07-30,1328.72
1999-08-06,1300.29
1999-08-13,1327.68
1999-08-20,1336.61
1999-08-27,1348.27
1999-09-03,1357.24
1999-09-10,1351.66
1999-09-17,1335.42
1999-09-24,1277.36
1999-10-01,1282.81
1999-10-08,1336.02
1999-10-15,1247.41
1999-10-22,1301.65
1999-10-29,1362.93
1999-11-05,1370.23
1999-11-12,1396.04
1999-11-19,1422
1999-11-26,1416.62
1999-12-03,1433.3
1999-12-10,1417.04
1999-12-17,1421.05
1999-12-23,1458.34
1999-12-31,1469.25
2000-01-07,1441.47
2000-01-14,1465.15
2000-01-21,1441.36
2000-01-28,1360.16
2000-02-04,1424.37
2000-02-11,1387.12
2000-02-18,1346.09
2000-02-25,1333.36
2000-03-03,1409.17
2000-03-10,1395.07
2000-03-17,1464.47
2000-03-24,1527.46
2000-03-31,1498.58
2000-04-07,1516.35
2000-04-14,1357.31
2000-04-20,1434.54
2000-04-28,1452.43
2000-05-05,1432.63
2000-05-12,1420.96
2000-05-19,1406.95
2000-05-26,1378.02
2000-06-02,1477.26
2000-06-09,1456.95
2000-06-16,1464.46
2000-06-23,1441.48
2000-06-30,1454.6
2000-07-07,1478.9
2000-07-14,1509.98
2000-07-21,1480.19
2000-07-28,1419.89
2000-08-04,1462.93
2000-08-11,1471.84
2000-08-18,1491.72
2000-08-25,1506.46
2000-09-01,1520.77
2000-09-08,1494.5
2000-09-15,1465.81
2000-09-22,1448.72
2000-09-29,1436.51
2000-10-06,1408.99
2000-10-13,1374.17
2000-10-20,1396.93
2000-10-27,1379.58
2000-11-03,1426.69
2000-11-10,1365.98
2000-11-17,1367.72
2000-11-24,1341.77
2000-12-01,1315.23
2000-12-08,1369.89
2000-12-15,1312.15
2000-12-22,1305.95
2000-12-29,1320.28
2001-01-05,1298.35
2001-01-12,1318.55
2001-01-19,1342.55
2001-01-26,1354.95
2001-02-02,1349.47
2001-02-09,1314.76
2001-02-16,1301.53
2001-02-23,1245.86
2001-03-02,1234.18
2001-03-09,1233.42
2001-03-16,1150.53
2001-03-23,1139.83
2001-03-30,1160.33
2001-04-06,1128.43
2001-04-12,1183.5
2001-04-20,1242.98
2001-04-27,1253.05
2001-05-04,1266.61
2001-05-11,1245.67
2001-05-18,1291.96
2001-05-25,1277.89
2001-06-01,1260.67
2001-06-08,1264.96
2001-06-15,1214.36
2001-06-22,1225.35
2001-06-29,1224.38
2001-07-06,1190.59
2001-07-13,1215.68
2001-07-20,1210.85
2001-07-27,1205.82
2001-08-03,1214.35
2001-08-10,1190.16
2001-08-17,1161.97
2001-08-24,1184.93
2001-08-31,1133.58
2001-09-07,1085.78
2001-09-11,1092.54
2001-09-21,965.8
2001-09-28,1040.94
2001-10-05,1071.38
2001-10-12,1091.65
2001-10-19,1073.48
2001-10-26,1104.61
2001-11-02,1087.2
2001-11-09,1120.31
2001-11-16,1138.65
2001-11-23,1150.34
2001-11-30,1139.45
2001-12-07,1158.31
2001-12-14,1123.07
2001-12-21,1144.89
2001-12-28,1161.02
2002-01-04,1172.51
2002-01-11,1145.6
2002-01-18,1127.58
2002-01-25,1133.28
2002-02-01,1122.2
2002-02-08,1096.22
2002-02-15,1104.18
2002-02-22,1089.84
2002-03-01,1131.78
2002-03-08,1164.31
2002-03-15,1166.16
2002-03-22,1148.7
2002-03-28,1147.39
2002-04-05,1122.73
2002-04-12,1111.01
2002-04-19,1125.17
2002-04-26,1076.32
2002-05-03,1073.43
2002-05-10,1054.99
2002-05-17,1106.59
2002-05-24,1083.82
2002-05-31,1067.14
2002-06-07,1027.53
2002-06-14,1007.27
2002-06-21,989.14
2002-06-28,989.82
2002-07-05,989.03
2002-07-12,921.39
2002-07-19,847.75
2002-07-26,852.84
2002-08-02,864.24
2002-08-09,908.64
2002-08-16,928.77
2002-08-23,940.86
2002-08-30,916.07
2002-09-06,893.92
2002-09-13,889.81
2002-09-20,845.39
2002-09-27,827.37
2002-10-04,800.58
2002-10-11,835.32
2002-10-18,884.39
2002-10-25,897.65
2002-11-01,900.96
2002-11-08,894.74
2002-11-15,909.83
2002-11-22,930.55
2002-11-29,936.31
2002-12-06,912.23
2002-12-13,890.99
2002-12-20,892.1
2002-12-27,874.73
2003-01-03,908.59
2003-01-10,927.57
2003-01-17,901.78
2003-01-24,861.4
2003-01-31,855.7
2003-02-07,829.69
2003-02-14,834.89
2003-02-21,848.17
2003-02-28,841.15
2003-03-07,828.89
2003-03-14,833.27
2003-03-21,895.89
2003-03-28,863.5
2003-04-04,878.85
2003-04-11,868.3
2003-04-17,893.58
2003-04-25,898.81
2003-05-02,930.08
2003-05-09,933.41
2003-05-16,944.3
2003-05-23,933.22
2003-05-30,963.59
2003-06-06,987.76
2003-06-13,988.61
2003-06-19,994.7
2003-06-27,976.22
2003-07-03,985.7
2003-07-11,998.14
2003-07-18,993.32
2003-07-25,998.68
2003-08-01,980.15
2003-08-08,977.59
2003-08-15,990.67
2003-08-22,993.06
2003-08-29,1008.01
2003-09-05,1021.39
2003-09-12,1018.63
2003-09-19,1036.3
2003-09-26,996.85
2003-10-03,1029.85
2003-10-10,1038.06
2003-10-17,1039.32
2003-10-24,1028.91
2003-10-31,1050.71
2003-11-07,1053.21
2003-11-14,1050.35
2003-11-21,1035.28
2003-11-28,1058.2
2003-12-05,1061.5
2003-12-12,1074.14
2003-12-19,1088.66
2003-12-26,1095.89
2004-01-02,1108.48
2004-01-09,1121.86
2004-01-16,1139.83
2004-01-23,1141.55
2004-01-30,1131.13
2004-02-06,1142.76
2004-02-13,1145.81
2004-02-20,1144.11
2004-02-27,1144.94
2004-03-05,1156.86
2004-03-12,1120.57
2004-03-19,1109.78
2004-03-26,1108.06
2004-04-02,1141.81
2004-04-08,1139.32
2004-04-16,1134.61
2004-04-23,1140.6
2004-04-30,1107.3
2004-05-07,1098.7
2004-05-14,1095.7
2004-05-21,1093.56
2004-05-28,1120.68
2004-06-04,1122.5
2004-06-10,1136.47
2004-06-18,1135.21
2004-06-25,1134.43
2004-07-02,1125.38
2004-07-09,1112.81
2004-07-16,1101.39
2004-07-23,1086.2
2004-07-30,1101.72
2004-08-06,1063.97
2004-08-13,1064.8
2004-08-20,1098.35
2004-08-27,1107.77
2004-09-03,1113.63
2004-09-10,1123.92
2004-09-17,1128.55
2004-09-24,1110.11
2004-10-01,1131.5
2004-10-08,1122.14
2004-10-15,1108.2
2004-10-22,1095.74
2004-10-29,1130.2
2004-11-05,1166.17
2004-11-12,1184.17
2004-11-19,1170.34
2004-11-26,1182.65
2004-12-03,1191.17
2004-12-10,1188
2004-12-17,1194.2
2004-12-23,1210.13
2004-12-31,1211.92
2005-01-07,1186.19
2005-01-14,1184.52
2005-01-21,1167.87
2005-01-28,1171.36
2005-02-04,1203.03
2005-02-11,1205.3
2005-02-18,1201.59
2005-02-25,1211.37
2005-03-04,1222.12
2005-03-11,1200.08
2005-03-18,1189.65
2005-03-24,1171.42
2005-04-01,1172.92
2005-04-08,1181.2
2005-04-15,1142.62
2005-04-22,1152.12
2005-04-29,1156.85
2005-05-06,1171.35
2005-05-13,1154.05
2005-05-20,1189.28
2005-05-27,1198.78
2005-06-03,1196.02
2005-06-10,1198.11
2005-06-17,1216.96
2005-06-24,1191.57
2005-07-01,1194.44
2005-07-08,1211.86
2005-07-15,1227.92
2005-07-22,1233.68
2005-07-29,1234.18
2005-08-05,1226.42
2005-08-12,1230.39
2005-08-19,1219.71
2005-08-26,1205.1
2005-09-02,1218.02
2005-09-09,1241.48
2005-09-16,1237.91
2005-09-23,1215.29
2005-09-30,1228.81
2005-10-07,1195.9
2005-10-14,1186.57
2005-10-21,1179.59
2005-10-28,1198.41
2005-11-04,1220.14
2005-11-11,1234.72
2005-11-18,1248.27
2005-11-25,1268.25
2005-12-02,1265.08
2005-12-09,1259.36
2005-12-16,1267.32
2005-12-23,1268.66
2005-12-30,1248.29
2006-01-06,1285.45
2006-01-13,1287.61
2006-01-20,1261.49
2006-01-27,1283.72
2006-02-03,1264.03
2006-02-10,1266.99
2006-02-17,1287.24
2006-02-24,1289.43
2006-03-03,1287.23
2006-03-10,1281.58
2006-03-17,1307.25
2006-03-24,1302.95
2006-03-31,1294.83
2006-04-07,1295.5
2006-04-13,1289.12
2006-04-21,1311.28
2006-04-28,1310.61
2006-05-05,1325.76
2006-05-12,1291.24
2006-05-19,1267.03
2006-05-26,1280.16
2006-06-02,1288.22
2006-06-09,1252.3
2006-06-16,1251.54
2006-06-23,1244.5
2006-06-30,1270.2
2006-07-07,1265.48
2006-07-14,1236.2
2006-07-21,1240.29
2006-07-28,1278.55
2006-08-04,1279.36
2006-08-11,1266.74
2006-08-18,1302.3
2006-08-25,1295.09
2006-09-01,1311.01
2006-09-08,1298.92
2006-09-15,1319.87
2006-09-22,1314.78
2006-09-29,1335.85
2006-10-06,1349.58
2006-10-13,1365.62
2006-10-20,1368.6
2006-10-27,1377.34
2006-11-03,1364.3
2006-11-10,1380.9
2006-11-17,1401.2
2006-11-24,1400.95
2006-12-01,1396.71
2006-12-08,1409.84
2006-12-15,1427.09
2006-12-22,1410.76
2006-12-29,1418.3
2007-01-05,1409.71
2007-01-12,1430.73
2007-01-19,1430.5
2007-01-26,1422.18
2007-02-02,1448.39
2007-02-09,1438.06
2007-02-16,1455.54
2007-02-23,1451.19
2007-03-02,1387.17
2007-03-09,1402.85
2007-03-16,1386.95
2007-03-23,1436.11
2007-03-30,1420.86
2007-04-05,1443.76
2007-04-13,1452.85
2007-04-20,1484.35
2007-04-27,1494.07
2007-05-04,1505.62
2007-05-11,1505.85
2007-05-18,1522.75
2007-05-25,1515.73
2007-06-01,1536.34
2007-06-08,1507.67
2007-06-15,1532.91
2007-06-22,1502.56
2007-06-29,1503.35
2007-07-06,1525.88
2007-07-13,1552.5
2007-07-20,1534.1
2007-07-27,1458.95
2007-08-03,1433.06
2007-08-10,1453.64
2007-08-17,1445.94
2007-08-24,1479.37
2007-08-31,1473.99
2007-09-07,1453.55
2007-09-14,1484.25
2007-09-21,1525.75
2007-09-28,1526.75
2007-10-05,1557.59
2007-10-12,1561.8
2007-10-19,1500.63
2007-10-26,1535.28
2007-11-02,1509.65
2007-11-09,1453.7
2007-11-16,1458.74
2007-11-23,1440.7
2007-11-30,1481.14
2007-12-07,1504.66
2007-12-14,1467.95
2007-12-21,1484.46
2007-12-28,1478.49
2008-01-04,1411.63
2008-01-11,1401.02
2008-01-18,1325.19
2008-01-25,1330.61
2008-02-01,1395.42
2008-02-08,1331.29
2008-02-15,1349.99
2008-02-22,1353.11
2008-02-29,1330.63
2008-03-07,1293.37
2008-03-14,1288.14
2008-03-20,1329.51
2008-03-28,1315.22
2008-04-04,1370.4
2008-04-11,1332.83
2008-04-18,1390.33
2008-04-25,1397.84
2008-05-02,1413.9
2008-05-09,1388.28
2008-05-16,1425.35
2008-05-23,1375.93
2008-05-30,1400.38
2008-06-06,1360.68
2008-06-13,1357.5
2008-06-20,1317.93
2008-06-27,1278.38
2008-07-03,1262.9
2008-07-11,1239.49
2008-07-18,1260.68
2008-07-25,1257.76
2008-08-01,1260.31
2008-08-08,1296.31
2008-08-15,1298.19
2008-08-22,1292.19
2008-08-29,1282.82
2008-09-05,1242.31
2008-09-12,1251.69
2008-09-19,1255.07
2008-09-26,1213.27
2008-10-03,1099.23
2008-10-10,899.22
2008-10-17,940.55
2008-10-24,876.77
2008-10-31,968.75
2008-11-07,930.99
2008-11-14,873.29
2008-11-21,800.03
2008-11-28,896.24
2008-12-05,876.07
2008-12-12,879.73
2008-12-19,887.88
2008-12-26,872.8
2009-01-02,931.8
2009-01-09,890.35
2009-01-16,850.12
2009-01-23,831.95
2009-01-30,825.88
2009-02-06,868.6
2009-02-13,826.84
2009-02-20,770.05
2009-02-27,735.09
2009-03-06,683.38
2009-03-13,756.55
2009-03-20,768.54
2009-03-27,815.94
2009-04-03,842.5
2009-04-09,856.56
2009-04-17,869.6
2009-04-24,866.23
2009-05-01,877.52
2009-05-08,929.23
2009-05-15,882.88
2009-05-22,887
2009-05-29,919.14
2009-06-05,940.09
2009-06-12,946.21
2009-06-19,921.23
2009-06-26,918.9
2009-07-10,879.13
2009-07-17,940.38
2009-07-24,979.26
2009-07-31,987.48
2009-08-07,1010.48
2009-08-14,1004.09
2009-08-21,1026.13
2009-08-28,1028.93
2009-09-04,1016.4
2009-09-11,1042.73
2009-09-18,1068.3
2009-09-25,1044.38
2009-10-02,1025.21
2009-10-09,1071.49
2009-10-16,1087.68
2009-10-23,1079.6
2009-10-30,1036.18
2009-11-06,1069.3
2009-11-13,1093.48
2009-11-20,1091.38
2009-11-27,1091.49
2009-12-04,1105.98
2009-12-11,1106.41
2009-12-18,1102.47
2010-01-08,1144.98
2010-01-15,1136.03
2010-01-22,1091.76
2010-01-29,1073.87
2010-02-05,1066.18
2010-02-12,1075.51
2010-02-19,1109.17
2010-02-26,1104.49
2010-03-05,1138.69
2010-03-12,1149.99
2010-03-19,1159.9
2010-03-26,1166.59
2010-04-09,1194.37
2010-04-16,1192.13
2010-04-23,1217.28
2010-04-30,1186.68
2010-05-07,1110.88
2010-05-14,1135.68
2010-05-21,1087.69
2010-05-28,1089.41
2010-06-04,1064.88
2010-06-11,1091.6
2010-06-18,1117.51
2010-06-25,1076.76
2010-07-02,1022.58
2010-07-09,1077.96
2010-07-16,1064.88
2010-07-23,1102.66
2010-07-30,1101.6
2010-08-06,1121.64
2010-08-13,1079.25
2010-08-20,1071.69
2010-08-27,1064.59
2010-09-03,1104.51
2010-09-10,1109.55
2010-09-17,1125.59
2010-09-24,1148.67
2010-10-01,1146.24
2010-10-08,1165.15
2010-10-15,1176.19
2010-10-22,1183.08
2010-10-29,1183.26
2010-11-05,1225.85
2010-11-12,1199.21
2010-11-19,1199.73
2010-11-26,1189.4
2010-12-03,1224.71
2010-12-10,1240.4
2010-12-17,1243.91
2010-12-23,1256.77
2010-12-31,1257.64
2011-01-07,1271.5
2011-01-14,1293.24
2011-01-21,1283.35
2011-01-28,1276.34
2011-02-04,1310.87
2011-02-11,1329.15
2011-02-18,1343.01
2011-02-25,1319.88
2011-03-04,1321.15
2011-03-11,1304.28
2011-03-18,1279.2
2011-03-25,1313.8
2011-04-01,1332.41
2011-04-08,1328.17
2011-04-15,1319.68
2011-04-21,1337.38
2011-04-29,1363.61
2011-05-06,1340.2
2011-05-13,1337.77
2011-05-20,1333.27
2011-05-27,1331.1
2011-06-03,1300.16
2011-06-10,1270.98
2011-06-17,1271.5
2011-06-24,1268.45
2011-07-01,1339.67
2011-07-08,1343.8
2011-07-15,1316.14
2011-07-22,1345.02
2011-07-29,1292.28
2011-08-05,1199.38
2011-08-12,1178.81
2011-08-19,1123.53
2011-08-26,1176.8
2011-09-02,1173.97
2011-09-09,1154.23
2011-09-16,1216.01
2011-09-23,1136.43
2011-09-30,1131.42
2011-10-07,1155.46
2011-10-14,1224.58
2011-10-21,1238.25
2011-10-28,1285.08
2011-11-04,1253.23
2011-11-11,1263.85
2011-11-18,1215.65
2011-11-25,1158.67
2011-12-02,1244.28
2011-12-09,1255.19
2011-12-16,1219.66
2011-12-23,1265.33
2011-12-30,1257.6
2012-01-06,1277.81
2012-01-13,1289.09
2012-01-20,1315.38
2012-01-27,1316.33
2012-02-03,1344.9
2012-02-10,1342.64
2012-02-17,1361.23
2012-02-24,1365.74
2012-03-02,1369.63
2012-03-09,1370.87
2012-03-16,1404.17
2012-03-23,1397.11
2012-03-30,1408.47
2012-04-05,1398.08
2012-04-13,1370.26
2012-04-20,1378.53
2012-04-27,1403.36
2012-05-04,1369.1
2012-05-11,1353.39
2012-05-18,1295.22
2012-05-25,1317.82
2012-06-01,1278.04
2012-06-08,1325.66
2012-06-15,1342.84
2012-06-22,1335.02
2012-06-29,1362.16
2012-07-06,1354.68
2012-07-13,1356.78
2012-07-20,1362.66
2012-07-27,1385.97
2012-08-03,1390.99
2012-08-10,1405.87
2012-08-17,1418.16
2012-08-24,1411.13
2012-08-31,1406.58
2012-09-07,1437.92
2012-09-14,1465.77
2012-09-21,1460.15
2012-09-28,1440.67
2012-10-05,1460.93
2012-10-12,1428.59
2012-10-19,1433.19
2012-10-26,1411.94
2012-11-02,1414.2
2012-11-09,1379.85
2012-11-16,1359.88
2012-11-23,1409.15
2012-11-30,1416.18
2012-12-07,1418.07
2012-12-14,1413.58
2012-12-21,1430.15
2012-12-28,1402.43
2013-01-04,1466.47
2013-01-11,1472.05
2013-01-18,1485.98
2013-01-25,1502.96
2013-02-01,1513.17
2013-02-08,1517.93
2013-02-15,1519.79
2013-02-22,1515.6
2013-03-01,1518.2
2013-03-08,1551.18
2013-03-15,1560.7
2013-03-22,1556.89
2013-03-28,1569.19
2013-04-05,1553.28
2013-04-12,1588.85
2013-04-19,1555.25
2013-04-26,1582.24
2013-05-03,1614.42
2013-05-10,1633.7
2013-05-17,1667.47
2013-05-24,1649.6
2013-05-31,1630.74
2013-06-07,1643.38
2013-06-14,1626.73
2013-06-21,1592.43
2013-06-28,1606.28
2013-07-05,1631.89
2013-07-12,1680.19
2013-07-19,1692.09
2013-07-26,1691.65
2013-08-02,1709.67
2013-08-09,1691.42
2013-08-16,1655.83
2013-08-23,1663.5
2013-08-30,1632.97
2013-09-06,1655.17
2013-09-13,1687.99
2013-09-20,1709.91
2013-09-27,1691.75
2013-10-04,1690.5
2013-10-11,1703.2
2013-10-18,1744.5
2013-10-25,1759.77
2013-11-01,1761.64
2013-11-08,1770.61
2013-11-15,1798.18
2013-11-22,1804.76
2013-11-29,1805.81
2013-12-06,1805.09
2013-12-13,1775.32
2013-12-20,1818.32
2013-12-27,1841.4
2014-01-03,1831.37
2014-01-10,1842.37
2014-01-17,1838.7
2014-01-24,1790.29
2014-01-31,1782.59
2014-02-07,1797.02
2014-02-14,1838.63
2014-02-21,1836.25
2014-02-28,1859.45
2014-03-07,1878.04
2014-03-14,1841.13
2014-03-21,1866.52
2014-03-28,1857.62
2014-04-04,1865.09
2014-04-11,1815.69
2014-04-17,1864.85
2014-04-25,1863.4
2014-05-02,1881.14
2014-05-09,1878.48
2014-05-16,1877.86
2014-05-23,1900.53
2014-05-30,1923.57
2014-06-06,1949.44
2014-06-13,1936.16
2014-06-20,1962.87
2014-06-27,1960.96
2014-07-03,1985.44
2014-07-11,1967.57
2014-07-18,1978.22
2014-07-25,1978.34
2014-08-01,1925.15
2014-08-08,1931.59
2014-08-15,1955.06
2014-08-22,1988.4
2014-08-29,2003.37
2014-09-05,2007.71
2014-09-12,1985.54
2014-09-19,2010.4
2014-09-26,1982.85
2014-10-03,1967.9
2014-10-10,1906.13
2014-10-17,1886.76
2014-10-24,1964.58
2014-10-31,2018.05
2014-11-07,2031.92
2014-11-14,2039.82
2014-11-21,2063.5
2014-11-28,2067.56
2014-12-05,2075.37
2014-12-12,2002.33
2014-12-19,2070.65
2014-12-26,2088.77
2015-01-02,2058.2
2015-01-09,2044.81
2015-01-16,2019.42
2015-01-23,2051.82
2015-01-30,1994.99
2015-02-06,2055.47
2015-02-13,2096.99
2015-02-20,2110.3
2015-02-27,2104.5
2015-03-06,2071.26
2015-03-13,2053.4
2015-03-20,2108.1
2015-03-27,2061.02
2015-04-02,2066.96
2015-04-10,2102.06
2015-04-17,2081.18
2015-04-24,2117.69
2015-05-01,2108.29
2015-05-08,2116.1
2015-05-15,2122.73
2015-05-22,2126.06
2015-05-29,2107.39
2015-06-05,2092.83
2015-06-12,2094.11
2015-06-19,2109.99
2015-06-26,2101.49
2015-07-02,2076.78
2015-07-10,2076.62
2015-07-17,2126.64
2015-07-24,2079.65
2015-07-31,2103.84
2015-08-07,2077.57
2015-08-14,2091.54
2015-08-21,1970.89
2015-08-28,1988.87
2015-09-04,1921.22
2015-09-11,1961.05
2015-09-18,1958.08
2015-09-25,1931.34
2015-10-02,1951.36
2015-10-09,2014.89
2015-10-16,2033.11
2015-10-23,2075.15
2015-10-30,2079.36
2015-11-06,2099.2
2015-11-13,2023.04
2015-11-20,2089.17
2015-11-27,2090.11
2015-12-04,2091.69
2015-12-11,2012.37
2015-12-18,2005.55
2015-12-24,2060.99
2015-12-31,2043.94
2016-01-08,1922.03
2016-01-15,1880.29
2016-01-22,1906.9
2016-01-29,1940.24
2016-02-05,1880.02
2016-02-12,1864.78
2016-02-19,1917.78
2016-02-26,1948.05
2016-03-04,1999.99
2016-03-11,2022.19
2016-03-18,2049.56
2016-03-24,2035.94
2016-04-01,2072.78
2016-04-08,2047.6
2016-04-15,2080.73
2016-04-22,2091.58
2016-04-29,2065.3
2016-05-06,2057.14
2016-05-13,2046.61
2016-05-20,2052.32
2016-05-27,2099.06
2016-06-03,2099.13
2016-06-10,2096.07
2016-06-17,2071.22
2016-06-24,2037.41
2016-07-01,2102.95
2016-07-08,2129.9
2016-07-15,2161.74
2016-07-22,2175.03
2016-07-29,2173.6
2016-08-05,2182.87
2016-08-12,2184.05
2016-08-19,2183.87
2016-08-26,2169.04
2016-09-02,2179.98
2016-09-09,2127.81
2016-09-16,2139.16
2016-09-23,2164.69
2016-09-30,2168.27
2016-10-07,2153.74
2016-10-14,2132.98
2016-10-21,2141.16
2016-10-28,2126.41
2016-11-04,2085.18
2016-11-11,2164.45
2016-11-18,2181.9
2016-11-25,2213.35
2016-12-02,2191.95
2016-12-09,2259.53
2016-12-16,2258.07
2016-12-23,2263.79
2016-12-30,2238.83
2017-01-06,2276.98
2017-01-13,2274.64
2017-01-20,2271.31
2017-01-27,2294.69
2017-02-03,2297.42
2017-02-10,2316.1
2017-02-17,2351.16
2017-02-24,2367.34
2017-03-03,2383.12
2017-03-10,2372.6
2017-03-17,2378.25
2017-03-24,2343.98
2017-03-31,2362.72
2017-04-07,2355.54
2017-04-13,2328.95
2017-04-21,2348.69
2017-04-28,2384.2
2017-05-05,2399.29
2017-05-12,2390.9
2017-05-19,2381.73
2017-05-26,2415.82
2017-06-02,2439.07
2017-06-09,2431.77
2017-06-16,2433.15
2017-06-23,2438.3
2017-06-30,2423.41
2017-07-07,2425.18
2017-07-14,2459.27
2017-07-21,2472.54
2017-07-28,2472.1
2017-08-04,2476.83
2017-08-11,2441.32
2017-08-18,2425.55
2017-08-25,2443.05
2017-08-29,2446.3